{
  "resourceType" : "ValueSet",
  "id" : "PlaceOfCare",
  "text" : {
    "status" : "generated",
    "div" : "<div xmlns=\"http://www.w3.org/1999/xhtml\"><ul><li>Include all codes defined in <a href=\"CodeSystem-PlaceOfCareCs.html\"><code>http://ritikarawlani.github.io/smart-outbreak-measles/PlaceOfCare</code></a></li></ul></div>"
  },
  "url" : "http://ritikarawlani.github.io/smart-outbreak-measles/ValueSet/PlaceOfCare",
  "version" : "0.2.1",
  "name" : "PlaceOfCare",
  "title" : "Place Of Care",
  "status" : "draft",
  "date" : "2023-06-13T18:28:07+00:00",
  "publisher" : "WHO",
  "contact" : [{
    "name" : "WHO",
    "telecom" : [{
      "system" : "url",
      "value" : "http://who.int"
    }]
  }],
  "description" : "Place Of Care",
  "jurisdiction" : [{
    "coding" : [{
      "system" : "http://unstats.un.org/unsd/methods/m49/m49.htm",
      "code" : "001"
    }]
  }],
  "compose" : {
    "include" : [{
      "system" : "http://ritikarawlani.github.io/smart-outbreak-measles/PlaceOfCare"
    }]
  }
}