<?xml version="1.0" encoding="UTF-8"?><CodeSystem xmlns="http://hl7.org/fhir"><id value="DetectedByCs"/><text><status value="generated"/><div xmlns="http://www.w3.org/1999/xhtml"><p>This code system <code>http://ritikarawlani.github.io/smart-outbreak-measles/DetectedBy</code> defines the following codes:</p><table class="codes"><tr><td style="white-space:nowrap"><b>Code</b></td><td><b>Display</b></td></tr><tr><td style="white-space:nowrap">1<a name="DetectedByCs-1"> </a></td><td>Spontaneous Consultation</td></tr><tr><td style="white-space:nowrap">2<a name="DetectedByCs-2"> </a></td><td>Laboratory</td></tr><tr><td style="white-space:nowrap">3<a name="DetectedByCs-3"> </a></td><td>Institutional Search</td></tr><tr><td style="white-space:nowrap">4<a name="DetectedByCs-4"> </a></td><td>Community Case Search</td></tr><tr><td style="white-space:nowrap">5<a name="DetectedByCs-5"> </a></td><td>Contact Investigation</td></tr><tr><td style="white-space:nowrap">6<a name="DetectedByCs-6"> </a></td><td>Community Report</td></tr><tr><td style="white-space:nowrap">88<a name="DetectedByCs-88"> </a></td><td>Other</td></tr><tr><td style="white-space:nowrap">99<a name="DetectedByCs-99"> </a></td><td>Unknown</td></tr></table></div></text><url value="http://ritikarawlani.github.io/smart-outbreak-measles/DetectedBy"/><version value="0.2.1"/><name value="DetectedByCs"/><title value="Detected By Code System"/><status value="draft"/><date value="2023-08-08T15:05:07+00:00"/><publisher value="WHO"/><contact><name value="WHO"/><telecom><system value="url"/><value value="http://who.int"/></telecom></contact><description value="Detected By Code System"/><jurisdiction><coding><system value="http://unstats.un.org/unsd/methods/m49/m49.htm"/><code value="001"/></coding></jurisdiction><content value="complete"/><count value="8"/><concept><code value="1"/><display value="Spontaneous Consultation"/></concept><concept><code value="2"/><display value="Laboratory"/></concept><concept><code value="3"/><display value="Institutional Search"/></concept><concept><code value="4"/><display value="Community Case Search"/></concept><concept><code value="5"/><display value="Contact Investigation"/></concept><concept><code value="6"/><display value="Community Report"/></concept><concept><code value="88"/><display value="Other"/></concept><concept><code value="99"/><display value="Unknown"/></concept></CodeSystem>