<?xml version="1.0" encoding="UTF-8"?><CodeSystem xmlns="http://hl7.org/fhir"><id value="FinalClassificationCs"/><text><status value="generated"/><div xmlns="http://www.w3.org/1999/xhtml"><p>This code system <code>http://ritikarawlani.github.io/smart-outbreak-measles/FinalClassification</code> defines the following codes:</p><table class="codes"><tr><td style="white-space:nowrap"><b>Code</b></td><td><b>Display</b></td></tr><tr><td style="white-space:nowrap">1<a name="FinalClassificationCs-1"> </a></td><td>Measles</td></tr><tr><td style="white-space:nowrap">2<a name="FinalClassificationCs-2"> </a></td><td>Rubella</td></tr><tr><td style="white-space:nowrap">3<a name="FinalClassificationCs-3"> </a></td><td>Discarded</td></tr></table></div></text><url value="http://ritikarawlani.github.io/smart-outbreak-measles/FinalClassification"/><version value="0.2.1"/><name value="FinalClassificationCs"/><title value="Final Classification"/><status value="draft"/><date value="2023-08-08T15:05:07+00:00"/><publisher value="WHO"/><contact><name value="WHO"/><telecom><system value="url"/><value value="http://who.int"/></telecom></contact><description value="Final Classification"/><jurisdiction><coding><system value="http://unstats.un.org/unsd/methods/m49/m49.htm"/><code value="001"/></coding></jurisdiction><content value="complete"/><count value="3"/><concept><code value="1"/><display value="Measles"/></concept><concept><code value="2"/><display value="Rubella"/></concept><concept><code value="3"/><display value="Discarded"/></concept></CodeSystem>