<?xml version="1.0" encoding="UTF-8"?><ValueSet xmlns="http://hl7.org/fhir"><id value="SourceOfInformation"/><text><status value="generated"/><div xmlns="http://www.w3.org/1999/xhtml"><p>This value set includes codes based on the following rules:</p><ul/></div></text><url value="http://ritikarawlani.github.io/smart-outbreak-measles/ValueSet/SourceOfInformation"/><version value="0.2.1"/><name value="SourceOfInformation"/><title value="SOT Measles Source Of Information Type"/><status value="draft"/><date value="2023-08-08T15:05:07+00:00"/><publisher value="WHO"/><contact><name value="WHO"/><telecom><system value="url"/><value value="http://who.int"/></telecom></contact><description value="SOT Measles Source Of Information Type"/><jurisdiction><coding><system value="http://unstats.un.org/unsd/methods/m49/m49.htm"/><code value="001"/></coding></jurisdiction></ValueSet>