<?xml version="1.0" encoding="UTF-8"?><ValueSet xmlns="http://hl7.org/fhir"><id value="ExposureLocation"/><text><status value="generated"/><div xmlns="http://www.w3.org/1999/xhtml"><ul><li>Include all codes defined in <a href="CodeSystem-AnimalExposureLocationCs.html"><code>http://ritikarawlani.github.io/smart-outbreak-measles/ExposureLocation</code></a></li></ul></div></text><url value="http://ritikarawlani.github.io/smart-outbreak-measles/ValueSet/ExposureLocation"/><version value="0.2.1"/><name value="ExposureLocation"/><title value=" Exposure Location"/><status value="draft"/><date value="2023-08-08T15:05:07+00:00"/><publisher value="WHO"/><contact><name value="WHO"/><telecom><system value="url"/><value value="http://who.int"/></telecom></contact><description value=" Exposure Location"/><jurisdiction><coding><system value="http://unstats.un.org/unsd/methods/m49/m49.htm"/><code value="001"/></coding></jurisdiction><compose><include><system value="http://ritikarawlani.github.io/smart-outbreak-measles/ExposureLocation"/></include></compose></ValueSet>