{"resourceType":"ValueSet","id":"DetectedBy","text":{"status":"generated","div":"<div xmlns=\"http://www.w3.org/1999/xhtml\"><ul><li>Include all codes defined in <a href=\"CodeSystem-DetectedByCs.html\"><code>http://ritikarawlani.github.io/smart-outbreak-measles/DetectedBy</code></a></li></ul></div>"},"url":"http://ritikarawlani.github.io/smart-outbreak-measles/ValueSet/DetectedBy","version":"0.2.1","name":"DetectedBy","title":"SOT Measles Detected By","status":"draft","date":"2023-05-17T23:10:08+00:00","publisher":"WHO","contact":[{"name":"WHO","telecom":[{"system":"url","value":"http://who.int"}]}],"jurisdiction":[{"coding":[{"system":"http://unstats.un.org/unsd/methods/m49/m49.htm","code":"001"}]}],"compose":{"include":[{"system":"http://ritikarawlani.github.io/smart-outbreak-measles/DetectedBy"}]}}