{"resourceType":"CodeSystem","id":"InitDiagCs","text":{"status":"generated","div":"<div xmlns=\"http://www.w3.org/1999/xhtml\"><p>This code system <code>http://ritikarawlani.github.io/smart-outbreak-measles/InitDiag</code> defines the following codes:</p><table class=\"codes\"><tr><td style=\"white-space:nowrap\"><b>Code</b></td><td><b>Display</b></td></tr><tr><td style=\"white-space:nowrap\">1<a name=\"InitDiagCs-1\"> </a></td><td>Measles</td></tr><tr><td style=\"white-space:nowrap\">2<a name=\"InitDiagCs-2\"> </a></td><td>Rubella</td></tr><tr><td style=\"white-space:nowrap\">3<a name=\"InitDiagCs-3\"> </a></td><td>Dengue</td></tr><tr><td style=\"white-space:nowrap\">4<a name=\"InitDiagCs-4\"> </a></td><td>Other Rash illness</td></tr><tr><td style=\"white-space:nowrap\">8<a name=\"InitDiagCs-8\"> </a></td><td>Other Non-Rash illness</td></tr><tr><td style=\"white-space:nowrap\">99<a name=\"InitDiagCs-99\"> </a></td><td>Unknown</td></tr></table></div>"},"url":"http://ritikarawlani.github.io/smart-outbreak-measles/InitDiag","version":"0.2.1","name":"InitDiagCs","title":"Initial Diagnosis Code System","status":"draft","date":"2023-06-13T18:28:07+00:00","publisher":"WHO","contact":[{"name":"WHO","telecom":[{"system":"url","value":"http://who.int"}]}],"description":"Initial Diagnosis Code System","jurisdiction":[{"coding":[{"system":"http://unstats.un.org/unsd/methods/m49/m49.htm","code":"001"}]}],"content":"complete","count":6,"concept":[{"code":"1","display":"Measles"},{"code":"2","display":"Rubella"},{"code":"3","display":"Dengue"},{"code":"4","display":"Other Rash illness"},{"code":"8","display":"Other Non-Rash illness"},{"code":"99","display":"Unknown"}]}