{"resourceType":"ImplementationGuide","id":"fhir.ritikarawlani.smart-outbreak-measles","text":{"status":"extensions","div":"<div xmlns=\"http://www.w3.org/1999/xhtml\"><h2>smartoutbreakmeasles</h2><p>The official URL for this implementation guide is: </p><pre>http://ritikarawlani.github.io/smart-outbreak-measles/ImplementationGuide/fhir.ritikarawlani.smart-outbreak-measles</pre><div><p>WHO SMART Guideline: Surveillance &amp; Outbreak Toolkit</p>\n</div></div>"},"url":"http://ritikarawlani.github.io/smart-outbreak-measles/ImplementationGuide/fhir.ritikarawlani.smart-outbreak-measles","version":"0.2.1","name":"smartoutbreakmeasles","title":"WHO SMART Guideline: Surveillance & Outbreak Toolkit","status":"draft","date":"2023-04-25","publisher":"WHO","contact":[{"name":"WHO","telecom":[{"system":"url","value":"http://who.int"}]}],"description":"WHO SMART Guideline: Surveillance & Outbreak Toolkit","jurisdiction":[{"coding":[{"system":"http://unstats.un.org/unsd/methods/m49/m49.htm","code":"001"}]}],"packageId":"fhir.ritikarawlani.smart-outbreak-measles","license":"CC0-1.0","fhirVersion":["4.0.1"],"dependsOn":[{"id":"hl7tx","extension":[{"url":"http://hl7.org/fhir/tools/StructureDefinition/implementationguide-dependency-comment","valueMarkdown":"Automatically added as a dependency - all IGs depend on HL7 Terminology"}],"uri":"http://terminology.hl7.org/ImplementationGuide/hl7.terminology","packageId":"hl7.terminology.r4","version":"5.0.0"},{"id":"hl7ext","extension":[{"url":"http://hl7.org/fhir/tools/StructureDefinition/implementationguide-dependency-comment","valueMarkdown":"Automatically added as a dependency - all IGs depend on the HL7 Extension Pack"}],"uri":"http://hl7.org/fhir/extensions/ImplementationGuide/hl7.fhir.uv.extensions","packageId":"hl7.fhir.uv.extensions.r4","version":"1.0.0"},{"id":"hl7_fhir_uv_sdc","uri":"http://hl7.org/fhir/uv/sdc/ImplementationGuide/hl7.fhir.uv.sdc","packageId":"hl7.fhir.uv.sdc","version":"3.0.0"}],"definition":{"extension":[{"extension":[{"url":"code","valueString":"copyrightyear"},{"url":"value","valueString":"2021+"}],"url":"http://hl7.org/fhir/tools/StructureDefinition/ig-parameter"},{"extension":[{"url":"code","valueString":"releaselabel"},{"url":"value","valueString":"CI Build"}],"url":"http://hl7.org/fhir/tools/StructureDefinition/ig-parameter"},{"extension":[{"url":"code","valueString":"autoload-resources"},{"url":"value","valueString":"true"}],"url":"http://hl7.org/fhir/tools/StructureDefinition/ig-parameter"},{"extension":[{"url":"code","valueString":"path-liquid"},{"url":"value","valueString":"template/liquid"}],"url":"http://hl7.org/fhir/tools/StructureDefinition/ig-parameter"},{"extension":[{"url":"code","valueString":"path-liquid"},{"url":"value","valueString":"input/liquid"}],"url":"http://hl7.org/fhir/tools/StructureDefinition/ig-parameter"},{"extension":[{"url":"code","valueString":"path-qa"},{"url":"value","valueString":"temp/qa"}],"url":"http://hl7.org/fhir/tools/StructureDefinition/ig-parameter"},{"extension":[{"url":"code","valueString":"path-temp"},{"url":"value","valueString":"temp/pages"}],"url":"http://hl7.org/fhir/tools/StructureDefinition/ig-parameter"},{"extension":[{"url":"code","valueString":"path-output"},{"url":"value","valueString":"output"}],"url":"http://hl7.org/fhir/tools/StructureDefinition/ig-parameter"},{"extension":[{"url":"code","valueString":"path-suppressed-warnings"},{"url":"value","valueString":"input/ignoreWarnings.txt"}],"url":"http://hl7.org/fhir/tools/StructureDefinition/ig-parameter"},{"extension":[{"url":"code","valueString":"path-history"},{"url":"value","valueString":"http://ritikarawlani.github.io/smart-outbreak-measles/history.html"}],"url":"http://hl7.org/fhir/tools/StructureDefinition/ig-parameter"},{"extension":[{"url":"code","valueString":"template-html"},{"url":"value","valueString":"template-page.html"}],"url":"http://hl7.org/fhir/tools/StructureDefinition/ig-parameter"},{"extension":[{"url":"code","valueString":"template-md"},{"url":"value","valueString":"template-page-md.html"}],"url":"http://hl7.org/fhir/tools/StructureDefinition/ig-parameter"},{"extension":[{"url":"code","valueString":"apply-contact"},{"url":"value","valueString":"true"}],"url":"http://hl7.org/fhir/tools/StructureDefinition/ig-parameter"},{"extension":[{"url":"code","valueString":"apply-context"},{"url":"value","valueString":"true"}],"url":"http://hl7.org/fhir/tools/StructureDefinition/ig-parameter"},{"extension":[{"url":"code","valueString":"apply-copyright"},{"url":"value","valueString":"true"}],"url":"http://hl7.org/fhir/tools/StructureDefinition/ig-parameter"},{"extension":[{"url":"code","valueString":"apply-jurisdiction"},{"url":"value","valueString":"true"}],"url":"http://hl7.org/fhir/tools/StructureDefinition/ig-parameter"},{"extension":[{"url":"code","valueString":"apply-license"},{"url":"value","valueString":"true"}],"url":"http://hl7.org/fhir/tools/StructureDefinition/ig-parameter"},{"extension":[{"url":"code","valueString":"apply-publisher"},{"url":"value","valueString":"true"}],"url":"http://hl7.org/fhir/tools/StructureDefinition/ig-parameter"},{"extension":[{"url":"code","valueString":"apply-version"},{"url":"value","valueString":"true"}],"url":"http://hl7.org/fhir/tools/StructureDefinition/ig-parameter"},{"extension":[{"url":"code","valueString":"active-tables"},{"url":"value","valueString":"true"}],"url":"http://hl7.org/fhir/tools/StructureDefinition/ig-parameter"},{"extension":[{"url":"code","valueString":"fmm-definition"},{"url":"value","valueString":"http://hl7.org/fhir/versions.html#maturity"}],"url":"http://hl7.org/fhir/tools/StructureDefinition/ig-parameter"},{"extension":[{"url":"code","valueString":"propagate-status"},{"url":"value","valueString":"true"}],"url":"http://hl7.org/fhir/tools/StructureDefinition/ig-parameter"},{"extension":[{"url":"code","valueString":"excludelogbinaryformat"},{"url":"value","valueString":"true"}],"url":"http://hl7.org/fhir/tools/StructureDefinition/ig-parameter"},{"extension":[{"url":"code","valueString":"tabbed-snapshots"},{"url":"value","valueString":"true"}],"url":"http://hl7.org/fhir/tools/StructureDefinition/ig-parameter"},{"url":"http://hl7.org/fhir/tools/StructureDefinition/ig-internal-dependency","valueCode":"hl7.fhir.uv.tools#current"},{"extension":[{"url":"code","valueCode":"copyrightyear"},{"url":"value","valueString":"2021+"}],"url":"http://hl7.org/fhir/tools/StructureDefinition/ig-parameter"},{"extension":[{"url":"code","valueCode":"releaselabel"},{"url":"value","valueString":"CI Build"}],"url":"http://hl7.org/fhir/tools/StructureDefinition/ig-parameter"},{"extension":[{"url":"code","valueCode":"autoload-resources"},{"url":"value","valueString":"true"}],"url":"http://hl7.org/fhir/tools/StructureDefinition/ig-parameter"},{"extension":[{"url":"code","valueCode":"path-liquid"},{"url":"value","valueString":"template/liquid"}],"url":"http://hl7.org/fhir/tools/StructureDefinition/ig-parameter"},{"extension":[{"url":"code","valueCode":"path-liquid"},{"url":"value","valueString":"input/liquid"}],"url":"http://hl7.org/fhir/tools/StructureDefinition/ig-parameter"},{"extension":[{"url":"code","valueCode":"path-qa"},{"url":"value","valueString":"temp/qa"}],"url":"http://hl7.org/fhir/tools/StructureDefinition/ig-parameter"},{"extension":[{"url":"code","valueCode":"path-temp"},{"url":"value","valueString":"temp/pages"}],"url":"http://hl7.org/fhir/tools/StructureDefinition/ig-parameter"},{"extension":[{"url":"code","valueCode":"path-output"},{"url":"value","valueString":"output"}],"url":"http://hl7.org/fhir/tools/StructureDefinition/ig-parameter"},{"extension":[{"url":"code","valueCode":"path-suppressed-warnings"},{"url":"value","valueString":"input/ignoreWarnings.txt"}],"url":"http://hl7.org/fhir/tools/StructureDefinition/ig-parameter"},{"extension":[{"url":"code","valueCode":"path-history"},{"url":"value","valueString":"http://ritikarawlani.github.io/smart-outbreak-measles/history.html"}],"url":"http://hl7.org/fhir/tools/StructureDefinition/ig-parameter"},{"extension":[{"url":"code","valueCode":"template-html"},{"url":"value","valueString":"template-page.html"}],"url":"http://hl7.org/fhir/tools/StructureDefinition/ig-parameter"},{"extension":[{"url":"code","valueCode":"template-md"},{"url":"value","valueString":"template-page-md.html"}],"url":"http://hl7.org/fhir/tools/StructureDefinition/ig-parameter"},{"extension":[{"url":"code","valueCode":"apply-contact"},{"url":"value","valueString":"true"}],"url":"http://hl7.org/fhir/tools/StructureDefinition/ig-parameter"},{"extension":[{"url":"code","valueCode":"apply-context"},{"url":"value","valueString":"true"}],"url":"http://hl7.org/fhir/tools/StructureDefinition/ig-parameter"},{"extension":[{"url":"code","valueCode":"apply-copyright"},{"url":"value","valueString":"true"}],"url":"http://hl7.org/fhir/tools/StructureDefinition/ig-parameter"},{"extension":[{"url":"code","valueCode":"apply-jurisdiction"},{"url":"value","valueString":"true"}],"url":"http://hl7.org/fhir/tools/StructureDefinition/ig-parameter"},{"extension":[{"url":"code","valueCode":"apply-license"},{"url":"value","valueString":"true"}],"url":"http://hl7.org/fhir/tools/StructureDefinition/ig-parameter"},{"extension":[{"url":"code","valueCode":"apply-publisher"},{"url":"value","valueString":"true"}],"url":"http://hl7.org/fhir/tools/StructureDefinition/ig-parameter"},{"extension":[{"url":"code","valueCode":"apply-version"},{"url":"value","valueString":"true"}],"url":"http://hl7.org/fhir/tools/StructureDefinition/ig-parameter"},{"extension":[{"url":"code","valueCode":"active-tables"},{"url":"value","valueString":"true"}],"url":"http://hl7.org/fhir/tools/StructureDefinition/ig-parameter"},{"extension":[{"url":"code","valueCode":"fmm-definition"},{"url":"value","valueString":"http://hl7.org/fhir/versions.html#maturity"}],"url":"http://hl7.org/fhir/tools/StructureDefinition/ig-parameter"},{"extension":[{"url":"code","valueCode":"propagate-status"},{"url":"value","valueString":"true"}],"url":"http://hl7.org/fhir/tools/StructureDefinition/ig-parameter"},{"extension":[{"url":"code","valueCode":"excludelogbinaryformat"},{"url":"value","valueString":"true"}],"url":"http://hl7.org/fhir/tools/StructureDefinition/ig-parameter"},{"extension":[{"url":"code","valueCode":"tabbed-snapshots"},{"url":"value","valueString":"true"}],"url":"http://hl7.org/fhir/tools/StructureDefinition/ig-parameter"},{"extension":[{"url":"code","valueCode":"copyrightyear"},{"url":"value","valueString":"2021+"}],"url":"http://hl7.org/fhir/tools/StructureDefinition/ig-parameter"},{"extension":[{"url":"code","valueCode":"releaselabel"},{"url":"value","valueString":"CI Build"}],"url":"http://hl7.org/fhir/tools/StructureDefinition/ig-parameter"},{"extension":[{"url":"code","valueCode":"autoload-resources"},{"url":"value","valueString":"true"}],"url":"http://hl7.org/fhir/tools/StructureDefinition/ig-parameter"},{"extension":[{"url":"code","valueCode":"path-liquid"},{"url":"value","valueString":"template/liquid"}],"url":"http://hl7.org/fhir/tools/StructureDefinition/ig-parameter"},{"extension":[{"url":"code","valueCode":"path-liquid"},{"url":"value","valueString":"input/liquid"}],"url":"http://hl7.org/fhir/tools/StructureDefinition/ig-parameter"},{"extension":[{"url":"code","valueCode":"path-qa"},{"url":"value","valueString":"temp/qa"}],"url":"http://hl7.org/fhir/tools/StructureDefinition/ig-parameter"},{"extension":[{"url":"code","valueCode":"path-temp"},{"url":"value","valueString":"temp/pages"}],"url":"http://hl7.org/fhir/tools/StructureDefinition/ig-parameter"},{"extension":[{"url":"code","valueCode":"path-output"},{"url":"value","valueString":"output"}],"url":"http://hl7.org/fhir/tools/StructureDefinition/ig-parameter"},{"extension":[{"url":"code","valueCode":"path-suppressed-warnings"},{"url":"value","valueString":"input/ignoreWarnings.txt"}],"url":"http://hl7.org/fhir/tools/StructureDefinition/ig-parameter"},{"extension":[{"url":"code","valueCode":"path-history"},{"url":"value","valueString":"http://ritikarawlani.github.io/smart-outbreak-measles/history.html"}],"url":"http://hl7.org/fhir/tools/StructureDefinition/ig-parameter"},{"extension":[{"url":"code","valueCode":"template-html"},{"url":"value","valueString":"template-page.html"}],"url":"http://hl7.org/fhir/tools/StructureDefinition/ig-parameter"},{"extension":[{"url":"code","valueCode":"template-md"},{"url":"value","valueString":"template-page-md.html"}],"url":"http://hl7.org/fhir/tools/StructureDefinition/ig-parameter"},{"extension":[{"url":"code","valueCode":"apply-contact"},{"url":"value","valueString":"true"}],"url":"http://hl7.org/fhir/tools/StructureDefinition/ig-parameter"},{"extension":[{"url":"code","valueCode":"apply-context"},{"url":"value","valueString":"true"}],"url":"http://hl7.org/fhir/tools/StructureDefinition/ig-parameter"},{"extension":[{"url":"code","valueCode":"apply-copyright"},{"url":"value","valueString":"true"}],"url":"http://hl7.org/fhir/tools/StructureDefinition/ig-parameter"},{"extension":[{"url":"code","valueCode":"apply-jurisdiction"},{"url":"value","valueString":"true"}],"url":"http://hl7.org/fhir/tools/StructureDefinition/ig-parameter"},{"extension":[{"url":"code","valueCode":"apply-license"},{"url":"value","valueString":"true"}],"url":"http://hl7.org/fhir/tools/StructureDefinition/ig-parameter"},{"extension":[{"url":"code","valueCode":"apply-publisher"},{"url":"value","valueString":"true"}],"url":"http://hl7.org/fhir/tools/StructureDefinition/ig-parameter"},{"extension":[{"url":"code","valueCode":"apply-version"},{"url":"value","valueString":"true"}],"url":"http://hl7.org/fhir/tools/StructureDefinition/ig-parameter"},{"extension":[{"url":"code","valueCode":"active-tables"},{"url":"value","valueString":"true"}],"url":"http://hl7.org/fhir/tools/StructureDefinition/ig-parameter"},{"extension":[{"url":"code","valueCode":"fmm-definition"},{"url":"value","valueString":"http://hl7.org/fhir/versions.html#maturity"}],"url":"http://hl7.org/fhir/tools/StructureDefinition/ig-parameter"},{"extension":[{"url":"code","valueCode":"propagate-status"},{"url":"value","valueString":"true"}],"url":"http://hl7.org/fhir/tools/StructureDefinition/ig-parameter"},{"extension":[{"url":"code","valueCode":"excludelogbinaryformat"},{"url":"value","valueString":"true"}],"url":"http://hl7.org/fhir/tools/StructureDefinition/ig-parameter"},{"extension":[{"url":"code","valueCode":"tabbed-snapshots"},{"url":"value","valueString":"true"}],"url":"http://hl7.org/fhir/tools/StructureDefinition/ig-parameter"}],"grouping":[{"id":"-str-logicalmodel","name":"Structures: Logical Models","description":"These define data models that represent the domain covered by this implementation guide in more business-friendly terms than the underlying FHIR resources."},{"id":"-str-questionnaire","name":"Structures: Questionnaires","description":"These define forms used by systems conforming to this implementation guide to capture or expose data to end users."},{"id":"-term-valueset","name":"Terminology: Value Sets","description":"These define sets of codes used by systems conforming to this implementation guide."},{"id":"-term-codesystem","name":"Terminology: Code Systems","description":"These define new code systems used by systems conforming to this implementation guide."}],"resource":[{"extension":[{"url":"http://hl7.org/fhir/StructureDefinition/implementationguide-page","valueUri":"ValueSet-AnimalContactType.html"}],"reference":{"reference":"ValueSet/AnimalContactType"},"name":"Animal Contact Type","description":"Animal Contact Type","exampleBoolean":false,"groupingId":"-term-valueset"},{"extension":[{"url":"http://hl7.org/fhir/StructureDefinition/implementationguide-page","valueUri":"CodeSystem-AnimalContactTypeCs.html"}],"reference":{"reference":"CodeSystem/AnimalContactTypeCs"},"name":"Animal Contact Type","description":"Animal Contact Type","exampleBoolean":false,"groupingId":"-term-codesystem"},{"extension":[{"url":"http://hl7.org/fhir/StructureDefinition/implementationguide-page","valueUri":"CodeSystem-DetectedByCs.html"}],"reference":{"reference":"CodeSystem/DetectedByCs"},"name":"Detected By Code System","description":"Detected By Code System","exampleBoolean":false,"groupingId":"-term-codesystem"},{"extension":[{"url":"http://hl7.org/fhir/StructureDefinition/implementationguide-page","valueUri":"ValueSet-DomesticatedWild.html"}],"reference":{"reference":"ValueSet/DomesticatedWild"},"name":"Domesticated or Wild","description":"Domesticated or Wild","exampleBoolean":false,"groupingId":"-term-valueset"},{"extension":[{"url":"http://hl7.org/fhir/StructureDefinition/implementationguide-page","valueUri":"CodeSystem-DomesticatedWildCs.html"}],"reference":{"reference":"CodeSystem/DomesticatedWildCs"},"name":"Domesticated or Wild","description":"Domesticated or Wild","exampleBoolean":false,"groupingId":"-term-codesystem"},{"extension":[{"url":"http://hl7.org/fhir/StructureDefinition/implementationguide-page","valueUri":"CodeSystem-InitDiagCs.html"}],"reference":{"reference":"CodeSystem/InitDiagCs"},"name":"Initial Diagnosis Code System","description":"Initial Diagnosis Code System","exampleBoolean":false,"groupingId":"-term-codesystem"},{"extension":[{"url":"http://hl7.org/fhir/StructureDefinition/implementationguide-page","valueUri":"CodeSystem-LocTypeCs.html"}],"reference":{"reference":"CodeSystem/LocTypeCs"},"name":"Locality Type Code System","description":"Locality Type Code System","exampleBoolean":false,"groupingId":"-term-codesystem"},{"extension":[{"url":"http://hl7.org/fhir/StructureDefinition/implementationguide-page","valueUri":"ValueSet-LocalizationOfSkinDisorder.html"}],"reference":{"reference":"ValueSet/LocalizationOfSkinDisorder"},"name":"Localization of Skin Disorder","description":"Localization of Skin Disorder","exampleBoolean":false,"groupingId":"-term-valueset"},{"extension":[{"url":"http://hl7.org/fhir/StructureDefinition/implementationguide-page","valueUri":"CodeSystem-LocalizationOfSkinDisorderCs.html"}],"reference":{"reference":"CodeSystem/LocalizationOfSkinDisorderCs"},"name":"Localization of Skin Disorder","description":"Localization of Skin Disorder","exampleBoolean":false,"groupingId":"-term-codesystem"},{"extension":[{"url":"http://hl7.org/fhir/StructureDefinition/implementationguide-page","valueUri":"Questionnaire-Questionnaire-SOTMeasles.html"},{"extension":[{"url":"type","valueCode":"ValueSet"},{"url":"id","valueId":"InitDiag"},{"url":"title","valueString":"ValueSet"},{"url":"description"}],"url":"http://hl7.org/fhir/tools/StructureDefinition/contained-resource-information"}],"reference":{"reference":"Questionnaire/Questionnaire-SOTMeasles"},"name":"Measles Case Investigation Questionnaire","description":"Measles Case Investigation Questionnaire","exampleBoolean":false,"groupingId":"-str-questionnaire"},{"extension":[{"url":"http://hl7.org/fhir/StructureDefinition/implementationguide-page","valueUri":"ValueSet-PatientOutcome.html"}],"reference":{"reference":"ValueSet/PatientOutcome"},"name":"Patient Clinical Course Outcome","description":"Patient Clinical Course Outcome","exampleBoolean":false,"groupingId":"-term-valueset"},{"extension":[{"url":"http://hl7.org/fhir/StructureDefinition/implementationguide-page","valueUri":"CodeSystem-PatientOutcomeCs.html"}],"reference":{"reference":"CodeSystem/PatientOutcomeCs"},"name":"Patient Clinical Course Outcome","description":"Patient Clinical Course Outcome","exampleBoolean":false,"groupingId":"-term-codesystem"},{"extension":[{"url":"http://hl7.org/fhir/StructureDefinition/implementationguide-page","valueUri":"ValueSet-PlaceOfCare.html"}],"reference":{"reference":"ValueSet/PlaceOfCare"},"name":"Place Of Care","description":"Place Of Care","exampleBoolean":false,"groupingId":"-term-valueset"},{"extension":[{"url":"http://hl7.org/fhir/StructureDefinition/implementationguide-page","valueUri":"CodeSystem-PlaceOfCareCs.html"}],"reference":{"reference":"CodeSystem/PlaceOfCareCs"},"name":"Place Of Care","description":"Place Of Care","exampleBoolean":false,"groupingId":"-term-codesystem"},{"extension":[{"url":"http://hl7.org/fhir/StructureDefinition/implementationguide-page","valueUri":"ValueSet-RashType.html"}],"reference":{"reference":"ValueSet/RashType"},"name":"Rash Type","description":"Rash Type","exampleBoolean":false,"groupingId":"-term-valueset"},{"extension":[{"url":"http://hl7.org/fhir/StructureDefinition/implementationguide-page","valueUri":"CodeSystem-RashTypeCs.html"}],"reference":{"reference":"CodeSystem/RashTypeCs"},"name":"Rash Type","description":"Rash Type","exampleBoolean":false,"groupingId":"-term-codesystem"},{"extension":[{"url":"http://hl7.org/fhir/StructureDefinition/implementationguide-page","valueUri":"ValueSet-ReportedBy.html"}],"reference":{"reference":"ValueSet/ReportedBy"},"name":"Reported By","description":"Reported By","exampleBoolean":false,"groupingId":"-term-valueset"},{"extension":[{"url":"http://hl7.org/fhir/StructureDefinition/implementationguide-page","valueUri":"CodeSystem-ReportedByCs.html"}],"reference":{"reference":"CodeSystem/ReportedByCs"},"name":"Reported By","description":"Reported By","exampleBoolean":false,"groupingId":"-term-codesystem"},{"extension":[{"url":"http://hl7.org/fhir/StructureDefinition/implementationguide-page","valueUri":"ValueSet-Results.html"}],"reference":{"reference":"ValueSet/Results"},"name":"Results","description":"Results","exampleBoolean":false,"groupingId":"-term-valueset"},{"extension":[{"url":"http://hl7.org/fhir/StructureDefinition/implementationguide-page","valueUri":"CodeSystem-ResultsCs.html"}],"reference":{"reference":"CodeSystem/ResultsCs"},"name":"Results","description":"Results","exampleBoolean":false,"groupingId":"-term-codesystem"},{"extension":[{"url":"http://hl7.org/fhir/StructureDefinition/implementationguide-page","valueUri":"ValueSet-RouteOfAdministration.html"}],"reference":{"reference":"ValueSet/RouteOfAdministration"},"name":"Route Of Administration","description":"Route Of Administration","exampleBoolean":false,"groupingId":"-term-valueset"},{"extension":[{"url":"http://hl7.org/fhir/StructureDefinition/implementationguide-page","valueUri":"CodeSystem-RouteOfAdministrationCs.html"}],"reference":{"reference":"CodeSystem/RouteOfAdministrationCs"},"name":"Route Of Administration","description":"Route Of Administration","exampleBoolean":false,"groupingId":"-term-codesystem"},{"extension":[{"url":"http://hl7.org/fhir/StructureDefinition/implementationguide-page","valueUri":"ValueSet-BiologicalSex.html"}],"reference":{"reference":"ValueSet/BiologicalSex"},"name":"SOT Biological Sex","description":"Biological Sex","exampleBoolean":false,"groupingId":"-term-valueset"},{"extension":[{"url":"http://hl7.org/fhir/StructureDefinition/implementationguide-page","valueUri":"ValueSet-DetectedBy.html"}],"reference":{"reference":"ValueSet/DetectedBy"},"name":"SOT Measles Detected By","exampleBoolean":false,"groupingId":"-term-valueset"},{"extension":[{"url":"http://hl7.org/fhir/StructureDefinition/implementationguide-page","valueUri":"ValueSet-InitDiag.html"}],"reference":{"reference":"ValueSet/InitDiag"},"name":"SOT Measles Initial Diagnosis","exampleBoolean":false,"groupingId":"-term-valueset"},{"extension":[{"url":"http://hl7.org/fhir/StructureDefinition/implementationguide-page","valueUri":"ValueSet-LocType.html"}],"reference":{"reference":"ValueSet/LocType"},"name":"SOT Measles Locality Type","exampleBoolean":false,"groupingId":"-term-valueset"},{"extension":[{"url":"http://hl7.org/fhir/StructureDefinition/implementationguide-page","valueUri":"ValueSet-ProvType.html"}],"reference":{"reference":"ValueSet/ProvType"},"name":"SOT Measles Provider Type","exampleBoolean":false,"groupingId":"-term-valueset"},{"extension":[{"url":"http://hl7.org/fhir/StructureDefinition/implementationguide-page","valueUri":"StructureDefinition-SOTMeasles.html"}],"reference":{"reference":"StructureDefinition/SOTMeasles"},"name":"Surveillance & Outbreak Toolkit Measles","exampleBoolean":false,"groupingId":"-str-logicalmodel"},{"extension":[{"url":"http://hl7.org/fhir/StructureDefinition/implementationguide-page","valueUri":"StructureDefinition-SOTMeaslesClassification.html"}],"reference":{"reference":"StructureDefinition/SOTMeaslesClassification"},"name":"Surveillance & Outbreak Toolkit Measles- Classification","exampleBoolean":false,"groupingId":"-str-logicalmodel"},{"extension":[{"url":"http://hl7.org/fhir/StructureDefinition/implementationguide-page","valueUri":"StructureDefinition-SOTMeaslesClinical.html"}],"reference":{"reference":"StructureDefinition/SOTMeaslesClinical"},"name":"Surveillance & Outbreak Toolkit Measles- Clinical","exampleBoolean":false,"groupingId":"-str-logicalmodel"},{"extension":[{"url":"http://hl7.org/fhir/StructureDefinition/implementationguide-page","valueUri":"StructureDefinition-SOTMeaslesContactTracing.html"}],"reference":{"reference":"StructureDefinition/SOTMeaslesContactTracing"},"name":"Surveillance & Outbreak Toolkit Measles- Contact Tracing","exampleBoolean":false,"groupingId":"-str-logicalmodel"},{"extension":[{"url":"http://hl7.org/fhir/StructureDefinition/implementationguide-page","valueUri":"StructureDefinition-SOTMeaslesDemographic.html"}],"reference":{"reference":"StructureDefinition/SOTMeaslesDemographic"},"name":"Surveillance & Outbreak Toolkit Measles- Demographics","exampleBoolean":false,"groupingId":"-str-logicalmodel"},{"extension":[{"url":"http://hl7.org/fhir/StructureDefinition/implementationguide-page","valueUri":"StructureDefinition-SOTMeaslesEpiData.html"}],"reference":{"reference":"StructureDefinition/SOTMeaslesEpiData"},"name":"Surveillance & Outbreak Toolkit Measles- Epidemiological Data","exampleBoolean":false,"groupingId":"-str-logicalmodel"},{"extension":[{"url":"http://hl7.org/fhir/StructureDefinition/implementationguide-page","valueUri":"StructureDefinition-SOTMeaslesLaboratoryResults.html"}],"reference":{"reference":"StructureDefinition/SOTMeaslesLaboratoryResults"},"name":"Surveillance & Outbreak Toolkit Measles- Laboratory Resultss","exampleBoolean":false,"groupingId":"-str-logicalmodel"},{"extension":[{"url":"http://hl7.org/fhir/StructureDefinition/implementationguide-page","valueUri":"StructureDefinition-SOTMeaslesReportingSource.html"}],"reference":{"reference":"StructureDefinition/SOTMeaslesReportingSource"},"name":"Surveillance & Outbreak Toolkit Measles- Reporting Source","exampleBoolean":false,"groupingId":"-str-logicalmodel"},{"extension":[{"url":"http://hl7.org/fhir/StructureDefinition/implementationguide-page","valueUri":"StructureDefinition-SOTMeaslesVaccinationStatus.html"}],"reference":{"reference":"StructureDefinition/SOTMeaslesVaccinationStatus"},"name":"Surveillance & Outbreak Toolkit Measles- Vaccination Statuss","exampleBoolean":false,"groupingId":"-str-logicalmodel"},{"extension":[{"url":"http://hl7.org/fhir/StructureDefinition/implementationguide-page","valueUri":"StructureDefinition-SOTT1.html"}],"reference":{"reference":"StructureDefinition/SOTT1"},"name":"Surveillance & Outbreak Toolkit T1","exampleBoolean":false,"groupingId":"-str-logicalmodel"},{"extension":[{"url":"http://hl7.org/fhir/StructureDefinition/implementationguide-page","valueUri":"StructureDefinition-SOTT1CaseInfo.html"}],"reference":{"reference":"StructureDefinition/SOTT1CaseInfo"},"name":"Surveillance & Outbreak Toolkit T1  Case Information","exampleBoolean":false,"groupingId":"-str-logicalmodel"},{"extension":[{"url":"http://hl7.org/fhir/StructureDefinition/implementationguide-page","valueUri":"StructureDefinition-SOTT1Conclusion.html"}],"reference":{"reference":"StructureDefinition/SOTT1Conclusion"},"name":"Surveillance & Outbreak Toolkit T1  Conclusion","exampleBoolean":false,"groupingId":"-str-logicalmodel"},{"extension":[{"url":"http://hl7.org/fhir/StructureDefinition/implementationguide-page","valueUri":"StructureDefinition-SOTT1Exposure.html"}],"reference":{"reference":"StructureDefinition/SOTT1Exposure"},"name":"Surveillance & Outbreak Toolkit T1  Exposure","exampleBoolean":false,"groupingId":"-str-logicalmodel"},{"extension":[{"url":"http://hl7.org/fhir/StructureDefinition/implementationguide-page","valueUri":"StructureDefinition-SOTT1ExposureAnimal.html"}],"reference":{"reference":"StructureDefinition/SOTT1ExposureAnimal"},"name":"Surveillance & Outbreak Toolkit T1  Exposure - Animal","exampleBoolean":false,"groupingId":"-str-logicalmodel"},{"extension":[{"url":"http://hl7.org/fhir/StructureDefinition/implementationguide-page","valueUri":"StructureDefinition-SOTT1ExposureChemical.html"}],"reference":{"reference":"StructureDefinition/SOTT1ExposureChemical"},"name":"Surveillance & Outbreak Toolkit T1  Exposure - Chemical","exampleBoolean":false,"groupingId":"-str-logicalmodel"},{"extension":[{"url":"http://hl7.org/fhir/StructureDefinition/implementationguide-page","valueUri":"StructureDefinition-SOTT1ExposureFoodDetails.html"}],"reference":{"reference":"StructureDefinition/SOTT1ExposureFoodDetails"},"name":"Surveillance & Outbreak Toolkit T1  Exposure - Food Details","exampleBoolean":false,"groupingId":"-str-logicalmodel"},{"extension":[{"url":"http://hl7.org/fhir/StructureDefinition/implementationguide-page","valueUri":"StructureDefinition-SOTT1ExposureInsect.html"}],"reference":{"reference":"StructureDefinition/SOTT1ExposureInsect"},"name":"Surveillance & Outbreak Toolkit T1  Exposure - Insect","exampleBoolean":false,"groupingId":"-str-logicalmodel"},{"extension":[{"url":"http://hl7.org/fhir/StructureDefinition/implementationguide-page","valueUri":"StructureDefinition-SOTT1ExposureNosocomial.html"}],"reference":{"reference":"StructureDefinition/SOTT1ExposureNosocomial"},"name":"Surveillance & Outbreak Toolkit T1  Exposure - Nosocomial","exampleBoolean":false,"groupingId":"-str-logicalmodel"},{"extension":[{"url":"http://hl7.org/fhir/StructureDefinition/implementationguide-page","valueUri":"StructureDefinition-SOTT1ExposurePersonalAssumption.html"}],"reference":{"reference":"StructureDefinition/SOTT1ExposurePersonalAssumption"},"name":"Surveillance & Outbreak Toolkit T1  Exposure - Personal Assumption","exampleBoolean":false,"groupingId":"-str-logicalmodel"},{"extension":[{"url":"http://hl7.org/fhir/StructureDefinition/implementationguide-page","valueUri":"StructureDefinition-SOTT1ExposureTravelHistory.html"}],"reference":{"reference":"StructureDefinition/SOTT1ExposureTravelHistory"},"name":"Surveillance & Outbreak Toolkit T1  Exposure - Travel History","exampleBoolean":false,"groupingId":"-str-logicalmodel"},{"extension":[{"url":"http://hl7.org/fhir/StructureDefinition/implementationguide-page","valueUri":"StructureDefinition-SOTT1ExposureWaterFood.html"}],"reference":{"reference":"StructureDefinition/SOTT1ExposureWaterFood"},"name":"Surveillance & Outbreak Toolkit T1  Exposure - Water and Food","exampleBoolean":false,"groupingId":"-str-logicalmodel"},{"extension":[{"url":"http://hl7.org/fhir/StructureDefinition/implementationguide-page","valueUri":"StructureDefinition-SOTT1ExposureWaterDetails.html"}],"reference":{"reference":"StructureDefinition/SOTT1ExposureWaterDetails"},"name":"Surveillance & Outbreak Toolkit T1  Exposure - Water Details","exampleBoolean":false,"groupingId":"-str-logicalmodel"},{"extension":[{"url":"http://hl7.org/fhir/StructureDefinition/implementationguide-page","valueUri":"StructureDefinition-SOTT1Laboratory.html"}],"reference":{"reference":"StructureDefinition/SOTT1Laboratory"},"name":"Surveillance & Outbreak Toolkit T1 - Laboratory","exampleBoolean":false,"groupingId":"-str-logicalmodel"},{"extension":[{"url":"http://hl7.org/fhir/StructureDefinition/implementationguide-page","valueUri":"StructureDefinition-SOTT1NotificationInterview.html"}],"reference":{"reference":"StructureDefinition/SOTT1NotificationInterview"},"name":"Surveillance & Outbreak Toolkit T1 - Notification Interview","exampleBoolean":false,"groupingId":"-str-logicalmodel"},{"extension":[{"url":"http://hl7.org/fhir/StructureDefinition/implementationguide-page","valueUri":"StructureDefinition-SOTT1Clinical.html"}],"reference":{"reference":"StructureDefinition/SOTT1Clinical"},"name":"Surveillance & Outbreak Toolkit T1 Clinical","exampleBoolean":false,"groupingId":"-str-logicalmodel"},{"extension":[{"url":"http://hl7.org/fhir/StructureDefinition/implementationguide-page","valueUri":"StructureDefinition-SOTT1ClinicalCardiology.html"}],"reference":{"reference":"StructureDefinition/SOTT1ClinicalCardiology"},"name":"Surveillance & Outbreak Toolkit T1 Clinical - Cardiology","exampleBoolean":false,"groupingId":"-str-logicalmodel"},{"extension":[{"url":"http://hl7.org/fhir/StructureDefinition/implementationguide-page","valueUri":"StructureDefinition-SOTT1ClinicalComorbidity.html"}],"reference":{"reference":"StructureDefinition/SOTT1ClinicalComorbidity"},"name":"Surveillance & Outbreak Toolkit T1 Clinical - Comorbidity","exampleBoolean":false,"groupingId":"-str-logicalmodel"},{"extension":[{"url":"http://hl7.org/fhir/StructureDefinition/implementationguide-page","valueUri":"StructureDefinition-SOTT1ClinicalCutaneous.html"}],"reference":{"reference":"StructureDefinition/SOTT1ClinicalCutaneous"},"name":"Surveillance & Outbreak Toolkit T1 Clinical - Cutaneous","exampleBoolean":false,"groupingId":"-str-logicalmodel"},{"extension":[{"url":"http://hl7.org/fhir/StructureDefinition/implementationguide-page","valueUri":"StructureDefinition-SOTT1ClinicalENT.html"}],"reference":{"reference":"StructureDefinition/SOTT1ClinicalENT"},"name":"Surveillance & Outbreak Toolkit T1 Clinical - ENT","exampleBoolean":false,"groupingId":"-str-logicalmodel"},{"extension":[{"url":"http://hl7.org/fhir/StructureDefinition/implementationguide-page","valueUri":"StructureDefinition-SOTT1ClinicalGastroIntestinal.html"}],"reference":{"reference":"StructureDefinition/SOTT1ClinicalGastroIntestinal"},"name":"Surveillance & Outbreak Toolkit T1 Clinical - Gastro-intestinal","exampleBoolean":false,"groupingId":"-str-logicalmodel"},{"extension":[{"url":"http://hl7.org/fhir/StructureDefinition/implementationguide-page","valueUri":"StructureDefinition-SOTT1ClinicalNeurology.html"}],"reference":{"reference":"StructureDefinition/SOTT1ClinicalNeurology"},"name":"Surveillance & Outbreak Toolkit T1 Clinical - Neurology","exampleBoolean":false,"groupingId":"-str-logicalmodel"},{"extension":[{"url":"http://hl7.org/fhir/StructureDefinition/implementationguide-page","valueUri":"StructureDefinition-SOTT1ClinicalRespiratory.html"}],"reference":{"reference":"StructureDefinition/SOTT1ClinicalRespiratory"},"name":"Surveillance & Outbreak Toolkit T1 Clinical - Respiratory","exampleBoolean":false,"groupingId":"-str-logicalmodel"},{"extension":[{"url":"http://hl7.org/fhir/StructureDefinition/implementationguide-page","valueUri":"StructureDefinition-SOTT1ClinicalTreatmentInfo.html"}],"reference":{"reference":"StructureDefinition/SOTT1ClinicalTreatmentInfo"},"name":"Surveillance & Outbreak Toolkit T1 Clinical - Treatment Info","exampleBoolean":false,"groupingId":"-str-logicalmodel"},{"extension":[{"url":"http://hl7.org/fhir/StructureDefinition/implementationguide-page","valueUri":"StructureDefinition-SOTT1ClinicalTreatments.html"}],"reference":{"reference":"StructureDefinition/SOTT1ClinicalTreatments"},"name":"Surveillance & Outbreak Toolkit T1 Clinical - Treatments","exampleBoolean":false,"groupingId":"-str-logicalmodel"},{"extension":[{"url":"http://hl7.org/fhir/StructureDefinition/implementationguide-page","valueUri":"StructureDefinition-SOTT1ClinicalUrogynecology.html"}],"reference":{"reference":"StructureDefinition/SOTT1ClinicalUrogynecology"},"name":"Surveillance & Outbreak Toolkit T1 Clinical - Urogynecology","exampleBoolean":false,"groupingId":"-str-logicalmodel"},{"extension":[{"url":"http://hl7.org/fhir/StructureDefinition/implementationguide-page","valueUri":"StructureDefinition-SOTT1ClinicalVaccination.html"}],"reference":{"reference":"StructureDefinition/SOTT1ClinicalVaccination"},"name":"Surveillance & Outbreak Toolkit T1 Clinical - Vaccination","exampleBoolean":false,"groupingId":"-str-logicalmodel"},{"extension":[{"url":"http://hl7.org/fhir/StructureDefinition/implementationguide-page","valueUri":"StructureDefinition-SOTT1ExposureContacts.html"}],"reference":{"reference":"StructureDefinition/SOTT1ExposureContacts"},"name":"Surveillance & Outbreak Toolkit T1 Exposure - Contacts","exampleBoolean":false,"groupingId":"-str-logicalmodel"},{"extension":[{"url":"http://hl7.org/fhir/StructureDefinition/implementationguide-page","valueUri":"StructureDefinition-SOTT1ExposureMassGathering.html"}],"reference":{"reference":"StructureDefinition/SOTT1ExposureMassGathering"},"name":"Surveillance & Outbreak Toolkit T1 Exposure - Mass Gathering","exampleBoolean":false,"groupingId":"-str-logicalmodel"},{"extension":[{"url":"http://hl7.org/fhir/StructureDefinition/implementationguide-page","valueUri":"Questionnaire-Questionnaire-SOTT0CaseInvestigationForm.html"},{"extension":[{"url":"type","valueCode":"ValueSet"},{"url":"id","valueId":"BiologicalSex"},{"url":"title","valueString":"ValueSet"},{"url":"description","valueString":"Biological Sex"}],"url":"http://hl7.org/fhir/tools/StructureDefinition/contained-resource-information"},{"extension":[{"url":"type","valueCode":"ValueSet"},{"url":"id","valueId":"PatientOutcome"},{"url":"title","valueString":"ValueSet"},{"url":"description","valueString":"Patient Clinical Course Outcome"}],"url":"http://hl7.org/fhir/tools/StructureDefinition/contained-resource-information"}],"reference":{"reference":"Questionnaire/Questionnaire-SOTT0CaseInvestigationForm"},"name":"T0 Case Investigation Questionnaire","description":"T0 Case Investigation Questionnaire","exampleBoolean":false,"groupingId":"-str-questionnaire"},{"extension":[{"url":"http://hl7.org/fhir/StructureDefinition/implementationguide-page","valueUri":"CodeSystem-ProvTypeCs.html"}],"reference":{"reference":"CodeSystem/ProvTypeCs"},"name":"Type of Provider Code System","description":"Type of Provider Code System","exampleBoolean":false,"groupingId":"-term-codesystem"},{"extension":[{"url":"http://hl7.org/fhir/StructureDefinition/implementationguide-page","valueUri":"ValueSet-VaccineInfoSource.html"}],"reference":{"reference":"ValueSet/VaccineInfoSource"},"name":"Vaccine Info Source","description":"Vaccine Info Source","exampleBoolean":false,"groupingId":"-term-valueset"},{"extension":[{"url":"http://hl7.org/fhir/StructureDefinition/implementationguide-page","valueUri":"CodeSystem-VaccineInfoSourceCs.html"}],"reference":{"reference":"CodeSystem/VaccineInfoSourceCs"},"name":"Vaccine Info Source","description":"Vaccine Info Source","exampleBoolean":false,"groupingId":"-term-codesystem"},{"extension":[{"url":"http://hl7.org/fhir/StructureDefinition/implementationguide-page","valueUri":"ValueSet-WaterCharacteristics.html"}],"reference":{"reference":"ValueSet/WaterCharacteristics"},"name":"Water Characteristics","description":"Water Characteristics","exampleBoolean":false,"groupingId":"-term-valueset"},{"extension":[{"url":"http://hl7.org/fhir/StructureDefinition/implementationguide-page","valueUri":"CodeSystem-WaterCharacteristicsCs.html"}],"reference":{"reference":"CodeSystem/WaterCharacteristicsCs"},"name":"Water Characteristics","description":"Water Characteristics","exampleBoolean":false,"groupingId":"-term-codesystem"},{"extension":[{"url":"http://hl7.org/fhir/StructureDefinition/implementationguide-page","valueUri":"ValueSet-YesNoUnknown.html"}],"reference":{"reference":"ValueSet/YesNoUnknown"},"name":"Yes No Unknown","description":"Yes No Unknown","exampleBoolean":false,"groupingId":"-term-valueset"},{"extension":[{"url":"http://hl7.org/fhir/StructureDefinition/implementationguide-page","valueUri":"CodeSystem-YesNoUnknownCs.html"}],"reference":{"reference":"CodeSystem/YesNoUnknownCs"},"name":"Yes No Unknown","description":"Yes No Unknown","exampleBoolean":false,"groupingId":"-term-codesystem"}],"page":{"extension":[{"url":"http://hl7.org/fhir/tools/StructureDefinition/ig-page-name","valueUrl":"toc.html"}],"nameUrl":"toc.html","title":"Table of Contents","generation":"html","page":[{"extension":[{"url":"http://hl7.org/fhir/tools/StructureDefinition/ig-page-name","valueUrl":"index.html"}],"nameUrl":"index.html","title":"Home","generation":"html"},{"extension":[{"url":"http://hl7.org/fhir/tools/StructureDefinition/ig-page-name","valueUrl":"actors.html"}],"nameUrl":"actors.html","title":"Actors","generation":"html"},{"extension":[{"url":"http://hl7.org/fhir/tools/StructureDefinition/ig-page-name","valueUrl":"adapting_guidelines.html"}],"nameUrl":"adapting_guidelines.html","title":"Adapting Guidelines","generation":"html"},{"extension":[{"url":"http://hl7.org/fhir/tools/StructureDefinition/ig-page-name","valueUrl":"background.html"}],"nameUrl":"background.html","title":"Background","generation":"html"},{"extension":[{"url":"http://hl7.org/fhir/tools/StructureDefinition/ig-page-name","valueUrl":"business_process.html"}],"nameUrl":"business_process.html","title":"Business Process","generation":"html"},{"extension":[{"url":"http://hl7.org/fhir/tools/StructureDefinition/ig-page-name","valueUrl":"changes.html"}],"nameUrl":"changes.html","title":"Changes","generation":"html"},{"extension":[{"url":"http://hl7.org/fhir/tools/StructureDefinition/ig-page-name","valueUrl":"checklist.html"}],"nameUrl":"checklist.html","title":"Checklist","generation":"html"},{"extension":[{"url":"http://hl7.org/fhir/tools/StructureDefinition/ig-page-name","valueUrl":"community.html"}],"nameUrl":"community.html","title":"Community","generation":"html"},{"extension":[{"url":"http://hl7.org/fhir/tools/StructureDefinition/ig-page-name","valueUrl":"concepts.html"}],"nameUrl":"concepts.html","title":"Concepts","generation":"html"},{"extension":[{"url":"http://hl7.org/fhir/tools/StructureDefinition/ig-page-name","valueUrl":"content_profiles.html"}],"nameUrl":"content_profiles.html","title":"Content Profiles","generation":"html"},{"extension":[{"url":"http://hl7.org/fhir/tools/StructureDefinition/ig-page-name","valueUrl":"data_exchange.html"}],"nameUrl":"data_exchange.html","title":"Data Exchange","generation":"html"},{"extension":[{"url":"http://hl7.org/fhir/tools/StructureDefinition/ig-page-name","valueUrl":"decision_support.html"}],"nameUrl":"decision_support.html","title":"Decision Support","generation":"html"},{"extension":[{"url":"http://hl7.org/fhir/tools/StructureDefinition/ig-page-name","valueUrl":"dependencies.html"}],"nameUrl":"dependencies.html","title":"Dependencies","generation":"html"},{"extension":[{"url":"http://hl7.org/fhir/tools/StructureDefinition/ig-page-name","valueUrl":"deployment.html"}],"nameUrl":"deployment.html","title":"Deployment","generation":"html"},{"extension":[{"url":"http://hl7.org/fhir/tools/StructureDefinition/ig-page-name","valueUrl":"dictionary.html"}],"nameUrl":"dictionary.html","title":"Dictionary","generation":"html"},{"extension":[{"url":"http://hl7.org/fhir/tools/StructureDefinition/ig-page-name","valueUrl":"disclaimer.html"}],"nameUrl":"disclaimer.html","title":"Disclaimer","generation":"html"},{"extension":[{"url":"http://hl7.org/fhir/tools/StructureDefinition/ig-page-name","valueUrl":"downloads.html"}],"nameUrl":"downloads.html","title":"Downloads","generation":"html"},{"extension":[{"url":"http://hl7.org/fhir/tools/StructureDefinition/ig-page-name","valueUrl":"feedback.html"}],"nameUrl":"feedback.html","title":"Feedback","generation":"html"},{"extension":[{"url":"http://hl7.org/fhir/tools/StructureDefinition/ig-page-name","valueUrl":"functional.html"}],"nameUrl":"functional.html","title":"Functional","generation":"html"},{"extension":[{"url":"http://hl7.org/fhir/tools/StructureDefinition/ig-page-name","valueUrl":"indicators.html"}],"nameUrl":"indicators.html","title":"Indicators","generation":"html"},{"extension":[{"url":"http://hl7.org/fhir/tools/StructureDefinition/ig-page-name","valueUrl":"instructions.html"}],"nameUrl":"instructions.html","title":"Instructions","generation":"html"},{"extension":[{"url":"http://hl7.org/fhir/tools/StructureDefinition/ig-page-name","valueUrl":"layers.html"}],"nameUrl":"layers.html","title":"Layers","generation":"html"},{"extension":[{"url":"http://hl7.org/fhir/tools/StructureDefinition/ig-page-name","valueUrl":"license.html"}],"nameUrl":"license.html","title":"License","generation":"html"},{"extension":[{"url":"http://hl7.org/fhir/tools/StructureDefinition/ig-page-name","valueUrl":"maps.html"}],"nameUrl":"maps.html","title":"Maps","generation":"html"},{"extension":[{"url":"http://hl7.org/fhir/tools/StructureDefinition/ig-page-name","valueUrl":"nonfunctional.html"}],"nameUrl":"nonfunctional.html","title":"Nonfunctional","generation":"html"},{"extension":[{"url":"http://hl7.org/fhir/tools/StructureDefinition/ig-page-name","valueUrl":"personas.html"}],"nameUrl":"personas.html","title":"Personas","generation":"html"},{"extension":[{"url":"http://hl7.org/fhir/tools/StructureDefinition/ig-page-name","valueUrl":"reference_implementation.html"}],"nameUrl":"reference_implementation.html","title":"Reference Implementation","generation":"html"},{"extension":[{"url":"http://hl7.org/fhir/tools/StructureDefinition/ig-page-name","valueUrl":"references.html"}],"nameUrl":"references.html","title":"References","generation":"html"},{"extension":[{"url":"http://hl7.org/fhir/tools/StructureDefinition/ig-page-name","valueUrl":"requirements.html"}],"nameUrl":"requirements.html","title":"Requirements","generation":"html"},{"extension":[{"url":"http://hl7.org/fhir/tools/StructureDefinition/ig-page-name","valueUrl":"security_privacy.html"}],"nameUrl":"security_privacy.html","title":"Security Privacy","generation":"html"},{"extension":[{"url":"http://hl7.org/fhir/tools/StructureDefinition/ig-page-name","valueUrl":"support.html"}],"nameUrl":"support.html","title":"Support","generation":"html"},{"extension":[{"url":"http://hl7.org/fhir/tools/StructureDefinition/ig-page-name","valueUrl":"testing.html"}],"nameUrl":"testing.html","title":"Testing","generation":"html"},{"extension":[{"url":"http://hl7.org/fhir/tools/StructureDefinition/ig-page-name","valueUrl":"transactions.html"}],"nameUrl":"transactions.html","title":"Transactions","generation":"html"},{"extension":[{"url":"http://hl7.org/fhir/tools/StructureDefinition/ig-page-name","valueUrl":"usecases.html"}],"nameUrl":"usecases.html","title":"Usecases","generation":"html"},{"extension":[{"url":"http://hl7.org/fhir/tools/StructureDefinition/ig-page-name","valueUrl":"workflows.html"}],"nameUrl":"workflows.html","title":"Workflows","generation":"html"},{"extension":[{"url":"http://hl7.org/fhir/tools/StructureDefinition/ig-page-name","valueUrl":"artifacts.html"}],"nameUrl":"artifacts.html","title":"Artifacts Summary","generation":"html","page":[{"extension":[{"url":"http://hl7.org/fhir/tools/StructureDefinition/ig-page-name","valueUrl":"StructureDefinition-SOTMeasles.html"}],"nameUrl":"StructureDefinition-SOTMeasles.html","title":"Surveillance & Outbreak Toolkit Measles","generation":"generated"},{"extension":[{"url":"http://hl7.org/fhir/tools/StructureDefinition/ig-page-name","valueUrl":"StructureDefinition-SOTMeaslesClassification.html"}],"nameUrl":"StructureDefinition-SOTMeaslesClassification.html","title":"Surveillance & Outbreak Toolkit Measles- Classification","generation":"generated"},{"extension":[{"url":"http://hl7.org/fhir/tools/StructureDefinition/ig-page-name","valueUrl":"StructureDefinition-SOTMeaslesClinical.html"}],"nameUrl":"StructureDefinition-SOTMeaslesClinical.html","title":"Surveillance & Outbreak Toolkit Measles- Clinical","generation":"generated"},{"extension":[{"url":"http://hl7.org/fhir/tools/StructureDefinition/ig-page-name","valueUrl":"StructureDefinition-SOTMeaslesContactTracing.html"}],"nameUrl":"StructureDefinition-SOTMeaslesContactTracing.html","title":"Surveillance & Outbreak Toolkit Measles- Contact Tracing","generation":"generated"},{"extension":[{"url":"http://hl7.org/fhir/tools/StructureDefinition/ig-page-name","valueUrl":"StructureDefinition-SOTMeaslesDemographic.html"}],"nameUrl":"StructureDefinition-SOTMeaslesDemographic.html","title":"Surveillance & Outbreak Toolkit Measles- Demographics","generation":"generated"},{"extension":[{"url":"http://hl7.org/fhir/tools/StructureDefinition/ig-page-name","valueUrl":"StructureDefinition-SOTMeaslesEpiData.html"}],"nameUrl":"StructureDefinition-SOTMeaslesEpiData.html","title":"Surveillance & Outbreak Toolkit Measles- Epidemiological Data","generation":"generated"},{"extension":[{"url":"http://hl7.org/fhir/tools/StructureDefinition/ig-page-name","valueUrl":"StructureDefinition-SOTMeaslesLaboratoryResults.html"}],"nameUrl":"StructureDefinition-SOTMeaslesLaboratoryResults.html","title":"Surveillance & Outbreak Toolkit Measles- Laboratory Resultss","generation":"generated"},{"extension":[{"url":"http://hl7.org/fhir/tools/StructureDefinition/ig-page-name","valueUrl":"StructureDefinition-SOTMeaslesReportingSource.html"}],"nameUrl":"StructureDefinition-SOTMeaslesReportingSource.html","title":"Surveillance & Outbreak Toolkit Measles- Reporting Source","generation":"generated"},{"extension":[{"url":"http://hl7.org/fhir/tools/StructureDefinition/ig-page-name","valueUrl":"StructureDefinition-SOTMeaslesVaccinationStatus.html"}],"nameUrl":"StructureDefinition-SOTMeaslesVaccinationStatus.html","title":"Surveillance & Outbreak Toolkit Measles- Vaccination Statuss","generation":"generated"},{"extension":[{"url":"http://hl7.org/fhir/tools/StructureDefinition/ig-page-name","valueUrl":"StructureDefinition-SOTT1.html"}],"nameUrl":"StructureDefinition-SOTT1.html","title":"Surveillance & Outbreak Toolkit T1","generation":"generated"},{"extension":[{"url":"http://hl7.org/fhir/tools/StructureDefinition/ig-page-name","valueUrl":"StructureDefinition-SOTT1CaseInfo.html"}],"nameUrl":"StructureDefinition-SOTT1CaseInfo.html","title":"Surveillance & Outbreak Toolkit T1  Case Information","generation":"generated"},{"extension":[{"url":"http://hl7.org/fhir/tools/StructureDefinition/ig-page-name","valueUrl":"StructureDefinition-SOTT1Conclusion.html"}],"nameUrl":"StructureDefinition-SOTT1Conclusion.html","title":"Surveillance & Outbreak Toolkit T1  Conclusion","generation":"generated"},{"extension":[{"url":"http://hl7.org/fhir/tools/StructureDefinition/ig-page-name","valueUrl":"StructureDefinition-SOTT1Exposure.html"}],"nameUrl":"StructureDefinition-SOTT1Exposure.html","title":"Surveillance & Outbreak Toolkit T1  Exposure","generation":"generated"},{"extension":[{"url":"http://hl7.org/fhir/tools/StructureDefinition/ig-page-name","valueUrl":"StructureDefinition-SOTT1ExposureAnimal.html"}],"nameUrl":"StructureDefinition-SOTT1ExposureAnimal.html","title":"Surveillance & Outbreak Toolkit T1  Exposure - Animal","generation":"generated"},{"extension":[{"url":"http://hl7.org/fhir/tools/StructureDefinition/ig-page-name","valueUrl":"StructureDefinition-SOTT1ExposureChemical.html"}],"nameUrl":"StructureDefinition-SOTT1ExposureChemical.html","title":"Surveillance & Outbreak Toolkit T1  Exposure - Chemical","generation":"generated"},{"extension":[{"url":"http://hl7.org/fhir/tools/StructureDefinition/ig-page-name","valueUrl":"StructureDefinition-SOTT1ExposureFoodDetails.html"}],"nameUrl":"StructureDefinition-SOTT1ExposureFoodDetails.html","title":"Surveillance & Outbreak Toolkit T1  Exposure - Food Details","generation":"generated"},{"extension":[{"url":"http://hl7.org/fhir/tools/StructureDefinition/ig-page-name","valueUrl":"StructureDefinition-SOTT1ExposureInsect.html"}],"nameUrl":"StructureDefinition-SOTT1ExposureInsect.html","title":"Surveillance & Outbreak Toolkit T1  Exposure - Insect","generation":"generated"},{"extension":[{"url":"http://hl7.org/fhir/tools/StructureDefinition/ig-page-name","valueUrl":"StructureDefinition-SOTT1ExposureNosocomial.html"}],"nameUrl":"StructureDefinition-SOTT1ExposureNosocomial.html","title":"Surveillance & Outbreak Toolkit T1  Exposure - Nosocomial","generation":"generated"},{"extension":[{"url":"http://hl7.org/fhir/tools/StructureDefinition/ig-page-name","valueUrl":"StructureDefinition-SOTT1ExposurePersonalAssumption.html"}],"nameUrl":"StructureDefinition-SOTT1ExposurePersonalAssumption.html","title":"Surveillance & Outbreak Toolkit T1  Exposure - Personal Assumption","generation":"generated"},{"extension":[{"url":"http://hl7.org/fhir/tools/StructureDefinition/ig-page-name","valueUrl":"StructureDefinition-SOTT1ExposureTravelHistory.html"}],"nameUrl":"StructureDefinition-SOTT1ExposureTravelHistory.html","title":"Surveillance & Outbreak Toolkit T1  Exposure - Travel History","generation":"generated"},{"extension":[{"url":"http://hl7.org/fhir/tools/StructureDefinition/ig-page-name","valueUrl":"StructureDefinition-SOTT1ExposureWaterFood.html"}],"nameUrl":"StructureDefinition-SOTT1ExposureWaterFood.html","title":"Surveillance & Outbreak Toolkit T1  Exposure - Water and Food","generation":"generated"},{"extension":[{"url":"http://hl7.org/fhir/tools/StructureDefinition/ig-page-name","valueUrl":"StructureDefinition-SOTT1ExposureWaterDetails.html"}],"nameUrl":"StructureDefinition-SOTT1ExposureWaterDetails.html","title":"Surveillance & Outbreak Toolkit T1  Exposure - Water Details","generation":"generated"},{"extension":[{"url":"http://hl7.org/fhir/tools/StructureDefinition/ig-page-name","valueUrl":"StructureDefinition-SOTT1Laboratory.html"}],"nameUrl":"StructureDefinition-SOTT1Laboratory.html","title":"Surveillance & Outbreak Toolkit T1 - Laboratory","generation":"generated"},{"extension":[{"url":"http://hl7.org/fhir/tools/StructureDefinition/ig-page-name","valueUrl":"StructureDefinition-SOTT1NotificationInterview.html"}],"nameUrl":"StructureDefinition-SOTT1NotificationInterview.html","title":"Surveillance & Outbreak Toolkit T1 - Notification Interview","generation":"generated"},{"extension":[{"url":"http://hl7.org/fhir/tools/StructureDefinition/ig-page-name","valueUrl":"StructureDefinition-SOTT1Clinical.html"}],"nameUrl":"StructureDefinition-SOTT1Clinical.html","title":"Surveillance & Outbreak Toolkit T1 Clinical","generation":"generated"},{"extension":[{"url":"http://hl7.org/fhir/tools/StructureDefinition/ig-page-name","valueUrl":"StructureDefinition-SOTT1ClinicalCardiology.html"}],"nameUrl":"StructureDefinition-SOTT1ClinicalCardiology.html","title":"Surveillance & Outbreak Toolkit T1 Clinical - Cardiology","generation":"generated"},{"extension":[{"url":"http://hl7.org/fhir/tools/StructureDefinition/ig-page-name","valueUrl":"StructureDefinition-SOTT1ClinicalComorbidity.html"}],"nameUrl":"StructureDefinition-SOTT1ClinicalComorbidity.html","title":"Surveillance & Outbreak Toolkit T1 Clinical - Comorbidity","generation":"generated"},{"extension":[{"url":"http://hl7.org/fhir/tools/StructureDefinition/ig-page-name","valueUrl":"StructureDefinition-SOTT1ClinicalCutaneous.html"}],"nameUrl":"StructureDefinition-SOTT1ClinicalCutaneous.html","title":"Surveillance & Outbreak Toolkit T1 Clinical - Cutaneous","generation":"generated"},{"extension":[{"url":"http://hl7.org/fhir/tools/StructureDefinition/ig-page-name","valueUrl":"StructureDefinition-SOTT1ClinicalENT.html"}],"nameUrl":"StructureDefinition-SOTT1ClinicalENT.html","title":"Surveillance & Outbreak Toolkit T1 Clinical - ENT","generation":"generated"},{"extension":[{"url":"http://hl7.org/fhir/tools/StructureDefinition/ig-page-name","valueUrl":"StructureDefinition-SOTT1ClinicalGastroIntestinal.html"}],"nameUrl":"StructureDefinition-SOTT1ClinicalGastroIntestinal.html","title":"Surveillance & Outbreak Toolkit T1 Clinical - Gastro-intestinal","generation":"generated"},{"extension":[{"url":"http://hl7.org/fhir/tools/StructureDefinition/ig-page-name","valueUrl":"StructureDefinition-SOTT1ClinicalNeurology.html"}],"nameUrl":"StructureDefinition-SOTT1ClinicalNeurology.html","title":"Surveillance & Outbreak Toolkit T1 Clinical - Neurology","generation":"generated"},{"extension":[{"url":"http://hl7.org/fhir/tools/StructureDefinition/ig-page-name","valueUrl":"StructureDefinition-SOTT1ClinicalRespiratory.html"}],"nameUrl":"StructureDefinition-SOTT1ClinicalRespiratory.html","title":"Surveillance & Outbreak Toolkit T1 Clinical - Respiratory","generation":"generated"},{"extension":[{"url":"http://hl7.org/fhir/tools/StructureDefinition/ig-page-name","valueUrl":"StructureDefinition-SOTT1ClinicalTreatmentInfo.html"}],"nameUrl":"StructureDefinition-SOTT1ClinicalTreatmentInfo.html","title":"Surveillance & Outbreak Toolkit T1 Clinical - Treatment Info","generation":"generated"},{"extension":[{"url":"http://hl7.org/fhir/tools/StructureDefinition/ig-page-name","valueUrl":"StructureDefinition-SOTT1ClinicalTreatments.html"}],"nameUrl":"StructureDefinition-SOTT1ClinicalTreatments.html","title":"Surveillance & Outbreak Toolkit T1 Clinical - Treatments","generation":"generated"},{"extension":[{"url":"http://hl7.org/fhir/tools/StructureDefinition/ig-page-name","valueUrl":"StructureDefinition-SOTT1ClinicalUrogynecology.html"}],"nameUrl":"StructureDefinition-SOTT1ClinicalUrogynecology.html","title":"Surveillance & Outbreak Toolkit T1 Clinical - Urogynecology","generation":"generated"},{"extension":[{"url":"http://hl7.org/fhir/tools/StructureDefinition/ig-page-name","valueUrl":"StructureDefinition-SOTT1ClinicalVaccination.html"}],"nameUrl":"StructureDefinition-SOTT1ClinicalVaccination.html","title":"Surveillance & Outbreak Toolkit T1 Clinical - Vaccination","generation":"generated"},{"extension":[{"url":"http://hl7.org/fhir/tools/StructureDefinition/ig-page-name","valueUrl":"StructureDefinition-SOTT1ExposureContacts.html"}],"nameUrl":"StructureDefinition-SOTT1ExposureContacts.html","title":"Surveillance & Outbreak Toolkit T1 Exposure - Contacts","generation":"generated"},{"extension":[{"url":"http://hl7.org/fhir/tools/StructureDefinition/ig-page-name","valueUrl":"StructureDefinition-SOTT1ExposureMassGathering.html"}],"nameUrl":"StructureDefinition-SOTT1ExposureMassGathering.html","title":"Surveillance & Outbreak Toolkit T1 Exposure - Mass Gathering","generation":"generated"},{"extension":[{"url":"http://hl7.org/fhir/tools/StructureDefinition/ig-page-name","valueUrl":"Questionnaire-Questionnaire-SOTMeasles.html"}],"nameUrl":"Questionnaire-Questionnaire-SOTMeasles.html","title":"Measles Case Investigation Questionnaire","generation":"generated","page":[{"extension":[{"url":"http://hl7.org/fhir/tools/StructureDefinition/ig-page-name","valueUrl":"ValueSet-Questionnaire-SOTMeasles_InitDiag.html"}],"nameUrl":"ValueSet-Questionnaire-SOTMeasles_InitDiag.html","title":"ValueSet","generation":"generated"}]},{"extension":[{"url":"http://hl7.org/fhir/tools/StructureDefinition/ig-page-name","valueUrl":"Questionnaire-Questionnaire-SOTT0CaseInvestigationForm.html"}],"nameUrl":"Questionnaire-Questionnaire-SOTT0CaseInvestigationForm.html","title":"T0 Case Investigation Questionnaire","generation":"generated","page":[{"extension":[{"url":"http://hl7.org/fhir/tools/StructureDefinition/ig-page-name","valueUrl":"ValueSet-Questionnaire-SOTT0CaseInvestigationForm_BiologicalSex.html"}],"nameUrl":"ValueSet-Questionnaire-SOTT0CaseInvestigationForm_BiologicalSex.html","title":"ValueSet","generation":"generated"},{"extension":[{"url":"http://hl7.org/fhir/tools/StructureDefinition/ig-page-name","valueUrl":"ValueSet-Questionnaire-SOTT0CaseInvestigationForm_PatientOutcome.html"}],"nameUrl":"ValueSet-Questionnaire-SOTT0CaseInvestigationForm_PatientOutcome.html","title":"ValueSet","generation":"generated"}]},{"extension":[{"url":"http://hl7.org/fhir/tools/StructureDefinition/ig-page-name","valueUrl":"ValueSet-AnimalContactType.html"}],"nameUrl":"ValueSet-AnimalContactType.html","title":"Animal Contact Type","generation":"generated"},{"extension":[{"url":"http://hl7.org/fhir/tools/StructureDefinition/ig-page-name","valueUrl":"ValueSet-DomesticatedWild.html"}],"nameUrl":"ValueSet-DomesticatedWild.html","title":"Domesticated or Wild","generation":"generated"},{"extension":[{"url":"http://hl7.org/fhir/tools/StructureDefinition/ig-page-name","valueUrl":"ValueSet-LocalizationOfSkinDisorder.html"}],"nameUrl":"ValueSet-LocalizationOfSkinDisorder.html","title":"Localization of Skin Disorder","generation":"generated"},{"extension":[{"url":"http://hl7.org/fhir/tools/StructureDefinition/ig-page-name","valueUrl":"ValueSet-PatientOutcome.html"}],"nameUrl":"ValueSet-PatientOutcome.html","title":"Patient Clinical Course Outcome","generation":"generated"},{"extension":[{"url":"http://hl7.org/fhir/tools/StructureDefinition/ig-page-name","valueUrl":"ValueSet-PlaceOfCare.html"}],"nameUrl":"ValueSet-PlaceOfCare.html","title":"Place Of Care","generation":"generated"},{"extension":[{"url":"http://hl7.org/fhir/tools/StructureDefinition/ig-page-name","valueUrl":"ValueSet-RashType.html"}],"nameUrl":"ValueSet-RashType.html","title":"Rash Type","generation":"generated"},{"extension":[{"url":"http://hl7.org/fhir/tools/StructureDefinition/ig-page-name","valueUrl":"ValueSet-ReportedBy.html"}],"nameUrl":"ValueSet-ReportedBy.html","title":"Reported By","generation":"generated"},{"extension":[{"url":"http://hl7.org/fhir/tools/StructureDefinition/ig-page-name","valueUrl":"ValueSet-Results.html"}],"nameUrl":"ValueSet-Results.html","title":"Results","generation":"generated"},{"extension":[{"url":"http://hl7.org/fhir/tools/StructureDefinition/ig-page-name","valueUrl":"ValueSet-RouteOfAdministration.html"}],"nameUrl":"ValueSet-RouteOfAdministration.html","title":"Route Of Administration","generation":"generated"},{"extension":[{"url":"http://hl7.org/fhir/tools/StructureDefinition/ig-page-name","valueUrl":"ValueSet-BiologicalSex.html"}],"nameUrl":"ValueSet-BiologicalSex.html","title":"SOT Biological Sex","generation":"generated"},{"extension":[{"url":"http://hl7.org/fhir/tools/StructureDefinition/ig-page-name","valueUrl":"ValueSet-DetectedBy.html"}],"nameUrl":"ValueSet-DetectedBy.html","title":"SOT Measles Detected By","generation":"generated"},{"extension":[{"url":"http://hl7.org/fhir/tools/StructureDefinition/ig-page-name","valueUrl":"ValueSet-InitDiag.html"}],"nameUrl":"ValueSet-InitDiag.html","title":"SOT Measles Initial Diagnosis","generation":"generated"},{"extension":[{"url":"http://hl7.org/fhir/tools/StructureDefinition/ig-page-name","valueUrl":"ValueSet-LocType.html"}],"nameUrl":"ValueSet-LocType.html","title":"SOT Measles Locality Type","generation":"generated"},{"extension":[{"url":"http://hl7.org/fhir/tools/StructureDefinition/ig-page-name","valueUrl":"ValueSet-ProvType.html"}],"nameUrl":"ValueSet-ProvType.html","title":"SOT Measles Provider Type","generation":"generated"},{"extension":[{"url":"http://hl7.org/fhir/tools/StructureDefinition/ig-page-name","valueUrl":"ValueSet-VaccineInfoSource.html"}],"nameUrl":"ValueSet-VaccineInfoSource.html","title":"Vaccine Info Source","generation":"generated"},{"extension":[{"url":"http://hl7.org/fhir/tools/StructureDefinition/ig-page-name","valueUrl":"ValueSet-WaterCharacteristics.html"}],"nameUrl":"ValueSet-WaterCharacteristics.html","title":"Water Characteristics","generation":"generated"},{"extension":[{"url":"http://hl7.org/fhir/tools/StructureDefinition/ig-page-name","valueUrl":"ValueSet-YesNoUnknown.html"}],"nameUrl":"ValueSet-YesNoUnknown.html","title":"Yes No Unknown","generation":"generated"},{"extension":[{"url":"http://hl7.org/fhir/tools/StructureDefinition/ig-page-name","valueUrl":"CodeSystem-AnimalContactTypeCs.html"}],"nameUrl":"CodeSystem-AnimalContactTypeCs.html","title":"Animal Contact Type","generation":"generated"},{"extension":[{"url":"http://hl7.org/fhir/tools/StructureDefinition/ig-page-name","valueUrl":"CodeSystem-DetectedByCs.html"}],"nameUrl":"CodeSystem-DetectedByCs.html","title":"Detected By Code System","generation":"generated"},{"extension":[{"url":"http://hl7.org/fhir/tools/StructureDefinition/ig-page-name","valueUrl":"CodeSystem-DomesticatedWildCs.html"}],"nameUrl":"CodeSystem-DomesticatedWildCs.html","title":"Domesticated or Wild","generation":"generated"},{"extension":[{"url":"http://hl7.org/fhir/tools/StructureDefinition/ig-page-name","valueUrl":"CodeSystem-InitDiagCs.html"}],"nameUrl":"CodeSystem-InitDiagCs.html","title":"Initial Diagnosis Code System","generation":"generated"},{"extension":[{"url":"http://hl7.org/fhir/tools/StructureDefinition/ig-page-name","valueUrl":"CodeSystem-LocTypeCs.html"}],"nameUrl":"CodeSystem-LocTypeCs.html","title":"Locality Type Code System","generation":"generated"},{"extension":[{"url":"http://hl7.org/fhir/tools/StructureDefinition/ig-page-name","valueUrl":"CodeSystem-LocalizationOfSkinDisorderCs.html"}],"nameUrl":"CodeSystem-LocalizationOfSkinDisorderCs.html","title":"Localization of Skin Disorder","generation":"generated"},{"extension":[{"url":"http://hl7.org/fhir/tools/StructureDefinition/ig-page-name","valueUrl":"CodeSystem-PatientOutcomeCs.html"}],"nameUrl":"CodeSystem-PatientOutcomeCs.html","title":"Patient Clinical Course Outcome","generation":"generated"},{"extension":[{"url":"http://hl7.org/fhir/tools/StructureDefinition/ig-page-name","valueUrl":"CodeSystem-PlaceOfCareCs.html"}],"nameUrl":"CodeSystem-PlaceOfCareCs.html","title":"Place Of Care","generation":"generated"},{"extension":[{"url":"http://hl7.org/fhir/tools/StructureDefinition/ig-page-name","valueUrl":"CodeSystem-RashTypeCs.html"}],"nameUrl":"CodeSystem-RashTypeCs.html","title":"Rash Type","generation":"generated"},{"extension":[{"url":"http://hl7.org/fhir/tools/StructureDefinition/ig-page-name","valueUrl":"CodeSystem-ReportedByCs.html"}],"nameUrl":"CodeSystem-ReportedByCs.html","title":"Reported By","generation":"generated"},{"extension":[{"url":"http://hl7.org/fhir/tools/StructureDefinition/ig-page-name","valueUrl":"CodeSystem-ResultsCs.html"}],"nameUrl":"CodeSystem-ResultsCs.html","title":"Results","generation":"generated"},{"extension":[{"url":"http://hl7.org/fhir/tools/StructureDefinition/ig-page-name","valueUrl":"CodeSystem-RouteOfAdministrationCs.html"}],"nameUrl":"CodeSystem-RouteOfAdministrationCs.html","title":"Route Of Administration","generation":"generated"},{"extension":[{"url":"http://hl7.org/fhir/tools/StructureDefinition/ig-page-name","valueUrl":"CodeSystem-ProvTypeCs.html"}],"nameUrl":"CodeSystem-ProvTypeCs.html","title":"Type of Provider Code System","generation":"generated"},{"extension":[{"url":"http://hl7.org/fhir/tools/StructureDefinition/ig-page-name","valueUrl":"CodeSystem-VaccineInfoSourceCs.html"}],"nameUrl":"CodeSystem-VaccineInfoSourceCs.html","title":"Vaccine Info Source","generation":"generated"},{"extension":[{"url":"http://hl7.org/fhir/tools/StructureDefinition/ig-page-name","valueUrl":"CodeSystem-WaterCharacteristicsCs.html"}],"nameUrl":"CodeSystem-WaterCharacteristicsCs.html","title":"Water Characteristics","generation":"generated"},{"extension":[{"url":"http://hl7.org/fhir/tools/StructureDefinition/ig-page-name","valueUrl":"CodeSystem-YesNoUnknownCs.html"}],"nameUrl":"CodeSystem-YesNoUnknownCs.html","title":"Yes No Unknown","generation":"generated"}]}]},"parameter":[{"code":"path-resource","value":"input/capabilities"},{"code":"path-resource","value":"input/examples"},{"code":"path-resource","value":"input/extensions"},{"code":"path-resource","value":"input/models"},{"code":"path-resource","value":"input/operations"},{"code":"path-resource","value":"input/profiles"},{"code":"path-resource","value":"input/resources"},{"code":"path-resource","value":"input/vocabulary"},{"code":"path-resource","value":"input/maps"},{"code":"path-resource","value":"input/testing"},{"code":"path-resource","value":"input/history"},{"code":"path-resource","value":"fsh-generated/resources"},{"code":"path-pages","value":"template/config"},{"code":"path-pages","value":"input/images"},{"code":"path-tx-cache","value":"input-cache/txcache"}]}}