{"resourceType":"ValueSet","id":"LocalizationOfSkinDisorder","text":{"status":"generated","div":"<div xmlns=\"http://www.w3.org/1999/xhtml\"><ul><li>Include all codes defined in <a href=\"CodeSystem-LocalizationOfSkinDisorderCs.html\"><code>http://ritikarawlani.github.io/smart-outbreak-measles/LocalizationOfSkinDisorder</code></a></li></ul></div>"},"url":"http://ritikarawlani.github.io/smart-outbreak-measles/ValueSet/LocalizationOfSkinDisorder","version":"0.2.1","name":"LocalizationOfSkinDisorder","title":"Localization of Skin Disorder","status":"draft","date":"2023-06-13T18:28:07+00:00","publisher":"WHO","contact":[{"name":"WHO","telecom":[{"system":"url","value":"http://who.int"}]}],"description":"Localization of Skin Disorder","jurisdiction":[{"coding":[{"system":"http://unstats.un.org/unsd/methods/m49/m49.htm","code":"001"}]}],"compose":{"include":[{"system":"http://ritikarawlani.github.io/smart-outbreak-measles/LocalizationOfSkinDisorder"}]}}