{"resourceType":"CodeSystem","id":"PlaceOfCareCs","text":{"status":"generated","div":"<div xmlns=\"http://www.w3.org/1999/xhtml\"><p>This code system <code>http://ritikarawlani.github.io/smart-outbreak-measles/PlaceOfCare</code> defines the following codes:</p><table class=\"codes\"><tr><td style=\"white-space:nowrap\"><b>Code</b></td><td><b>Display</b></td></tr><tr><td style=\"white-space:nowrap\">Home<a name=\"PlaceOfCareCs-Home\"> </a></td><td>at home</td></tr><tr><td style=\"white-space:nowrap\">HealthFacility<a name=\"PlaceOfCareCs-HealthFacility\"> </a></td><td>at health facility</td></tr><tr><td style=\"white-space:nowrap\">TraditionalClinic<a name=\"PlaceOfCareCs-TraditionalClinic\"> </a></td><td>at traditional clinic</td></tr></table></div>"},"url":"http://ritikarawlani.github.io/smart-outbreak-measles/PlaceOfCare","version":"0.2.1","name":"PlaceOfCareCs","title":"Place Of Care","status":"draft","date":"2023-06-26T09:02:14+00:00","publisher":"WHO","contact":[{"name":"WHO","telecom":[{"system":"url","value":"http://who.int"}]}],"description":"Place Of Care","jurisdiction":[{"coding":[{"system":"http://unstats.un.org/unsd/methods/m49/m49.htm","code":"001"}]}],"content":"complete","count":3,"concept":[{"code":"Home","display":"at home"},{"code":"HealthFacility","display":"at health facility"},{"code":"TraditionalClinic","display":"at traditional clinic"}]}