"Id","Path","Slice Name","Alias(s)","Label","Min","Max","Must Support?","Is Modifier?","Is Summary?","Type(s)","Short","Definition","Comments","Requirements","Default Value","Meaning When Missing","Fixed Value","Pattern","Example","Minimum Value","Maximum Value","Maximum Length","Binding Strength","Binding Description","Binding Value Set","Code","Slicing Discriminator","Slicing Description","Slicing Ordered","Slicing Rules","Base Path","Base Min","Base Max","Condition(s)","Constraint(s)","Mapping: RIM Mapping"
"SOTT1ExposureWaterFood","SOTT1ExposureWaterFood","","","",0,*,"","","","null {[]} {[]}
","Surveillance & Outbreak Toolkit T1  Exposure - Water and Food","Base definition for all elements that are defined inside a resource - but not those in a data type.","","","","","","","","","",,,,,"",,,,"BackboneElement",0,*,"ele-1
","","n/a"
"SOTT1ExposureWaterFood.id","SOTT1ExposureWaterFood.id","","","",0,1,"","","","string {[]} {[]}
","Unique id for inter-element referencing","Unique id for the element within a resource (for internal references). This may be any string value that does not contain spaces.","","","","","","","","","",,,,,"",,,,"Element.id",0,1,"","","n/a"
"SOTT1ExposureWaterFood.extension","SOTT1ExposureWaterFood.extension","","extensions
user content","",0,*,"","","","Extension {[]} {[]}
","Additional content defined by implementations","May be used to represent additional information that is not part of the basic definition of the element. To make the use of extensions safe and manageable, there is a strict set of governance  applied to the definition and use of extensions. Though any implementer can define an extension, there is a set of requirements that SHALL be met as part of the definition of the extension.","There can be no stigma associated with the use of extensions by any application, project, or standard - regardless of the institution or jurisdiction that uses or defines the extensions.  The use of extensions is what allows the FHIR specification to retain a core level of simplicity for everyone.","","","","","","","","",,,,,"","value:url}
","Extensions are always sliced by (at least) url",,"open","Element.extension",0,*,"","ele-1:All FHIR elements must have a @value or children {hasValue() or (children().count() > id.count())}
ext-1:Must have either extensions or value[x], not both {extension.exists() != value.exists()}","n/a"
"SOTT1ExposureWaterFood.modifierExtension","SOTT1ExposureWaterFood.modifierExtension","","extensions
user contentmodifiers","",0,*,"","Y","Y","Extension {[]} {[]}
","Extensions that cannot be ignored even if unrecognized","May be used to represent additional information that is not part of the basic definition of the element and that modifies the understanding of the element in which it is contained and/or the understanding of the containing element's descendants. Usually modifier elements provide negation or qualification. To make the use of extensions safe and manageable, there is a strict set of governance applied to the definition and use of extensions. Though any implementer can define an extension, there is a set of requirements that SHALL be met as part of the definition of the extension. Applications processing a resource are required to check for modifier extensions.

Modifier extensions SHALL NOT change the meaning of any elements on Resource or DomainResource (including cannot change the meaning of modifierExtension itself).","There can be no stigma associated with the use of extensions by any application, project, or standard - regardless of the institution or jurisdiction that uses or defines the extensions.  The use of extensions is what allows the FHIR specification to retain a core level of simplicity for everyone.","Modifier extensions allow for extensions that *cannot* be safely ignored to be clearly distinguished from the vast majority of extensions which can be safely ignored.  This promotes interoperability by eliminating the need for implementers to prohibit the presence of extensions. For further information, see the [definition of modifier extensions](http://hl7.org/fhir/R4/extensibility.html#modifierExtension).","","","","","","","",,,,,"",,,,"BackboneElement.modifierExtension",0,*,"","ele-1:All FHIR elements must have a @value or children {hasValue() or (children().count() > id.count())}
ext-1:Must have either extensions or value[x], not both {extension.exists() != value.exists()}","N/A"
"SOTT1ExposureWaterFood.primaryWaterSource","SOTT1ExposureWaterFood.primaryWaterSource","","","",0,1,"","","","http://ritikarawlani.github.io/smart-outbreak-measles/StructureDefinition/SOTT1ExposureWaterDetails {[]} {[]}
","Describe primary source of water","Describe primary source of water","","","","","","","","","",,,,,"",,,,"SOTT1ExposureWaterFood.primaryWaterSource",0,1,"",""
"SOTT1ExposureWaterFood.secondaryWaterSource","SOTT1ExposureWaterFood.secondaryWaterSource","","","",0,1,"","","","http://ritikarawlani.github.io/smart-outbreak-measles/StructureDefinition/SOTT1ExposureWaterDetails {[]} {[]}
","Describe secondary source of water","Describe secondary source of water","","","","","","","","","",,,,,"",,,,"SOTT1ExposureWaterFood.secondaryWaterSource",0,1,"",""
"SOTT1ExposureWaterFood.thirdWaterSource","SOTT1ExposureWaterFood.thirdWaterSource","","","",0,1,"","","","http://ritikarawlani.github.io/smart-outbreak-measles/StructureDefinition/SOTT1ExposureWaterDetails {[]} {[]}
","Describe third source of water","Describe third source of water","","","","","","","","","",,,,,"",,,,"SOTT1ExposureWaterFood.thirdWaterSource",0,1,"",""
"SOTT1ExposureWaterFood.additionalInformation","SOTT1ExposureWaterFood.additionalInformation","","","",0,1,"","","","string {[]} {[]}
","Additional information regarding water source or use","Describe any additional information regarding water source or use","","","","","","","","","",,,,,"",,,,"SOTT1ExposureWaterFood.additionalInformation",0,1,"",""
"SOTT1ExposureWaterFood.eventAttendance","SOTT1ExposureWaterFood.eventAttendance","","","",0,1,"","","","code {[]} {[]}
","Have you attended an event (e.g. festival, wedding, etc.) where food was served and you know of others who are also sick","Have you attended an event (e.g. festival, wedding, etc.) where food was served and you know of others who are also sick","","","","","","","","","",,"required","","http://ritikarawlani.github.io/smart-outbreak-measles/ValueSet/YesNoUnknown","",,,,"SOTT1ExposureWaterFood.eventAttendance",0,1,"",""
"SOTT1ExposureWaterFood.commonFood","SOTT1ExposureWaterFood.commonFood","","","",0,1,"","","","string {[]} {[]}
","Specify common foods consumed","Describe the specific common foods consumed","","","","","","","","","",,,,,"",,,,"SOTT1ExposureWaterFood.commonFood",0,1,"",""
"SOTT1ExposureWaterFood.foodShared","SOTT1ExposureWaterFood.foodShared","","","",0,1,"","","","code {[]} {[]}
","Have you shared a meal with others who you know are also experiencing the same symptoms?","Have you shared a meal with others who you know are also experiencing the same symptoms?","","","","","","","","","",,"required","","http://ritikarawlani.github.io/smart-outbreak-measles/ValueSet/YesNoUnknown","",,,,"SOTT1ExposureWaterFood.foodShared",0,1,"",""
"SOTT1ExposureWaterFood.specifyFoodsConsumed","SOTT1ExposureWaterFood.specifyFoodsConsumed","","","",0,1,"","","","string {[]} {[]}
","Specify foods consumed","Specify the foods shared with others with the same symptoms","","","","","","","","","",,,,,"",,,,"SOTT1ExposureWaterFood.specifyFoodsConsumed",0,1,"",""
"SOTT1ExposureWaterFood.specifyWhenFoodSharing","SOTT1ExposureWaterFood.specifyWhenFoodSharing","","","",0,1,"","","","string {[]} {[]}
","Specify when these meals were shared","Specify when these meals were shared","","","","","","","","","",,,,,"",,,,"SOTT1ExposureWaterFood.specifyWhenFoodSharing",0,1,"",""
"SOTT1ExposureWaterFood.foodDiseaseSuspected","SOTT1ExposureWaterFood.foodDiseaseSuspected","","","",0,1,"","","","code {[]} {[]}
","Does the patient suspect a specific food or the beverage to be the cause of the disease","Does the patient suspect a specific food or the beverage to be the cause of the disease","","","","","","","","","",,"required","","http://ritikarawlani.github.io/smart-outbreak-measles/ValueSet/YesNoUnknown","",,,,"SOTT1ExposureWaterFood.foodDiseaseSuspected",0,1,"",""
"SOTT1ExposureWaterFood.explainSuspicion","SOTT1ExposureWaterFood.explainSuspicion","","","",0,1,"","","","string {[]} {[]}
","Explain why this suspicion","Explain why this suspicion","","","","","","","","","",,,,,"",,,,"SOTT1ExposureWaterFood.explainSuspicion",0,1,"",""
"SOTT1ExposureWaterFood.anyNotableChanges","SOTT1ExposureWaterFood.anyNotableChanges","","","",0,1,"","","","code {[]} {[]}
","Were there any notable changes to the types of sources of food or drinks normally consumed prior to symptom onset","Were there any notable changes to the types of sources of food or drinks normally consumed prior to symptom onset","","","","","","","","","",,"required","","http://ritikarawlani.github.io/smart-outbreak-measles/ValueSet/YesNoUnknown","",,,,"SOTT1ExposureWaterFood.anyNotableChanges",0,1,"",""
"SOTT1ExposureWaterFood.specifyChanges","SOTT1ExposureWaterFood.specifyChanges","","","",0,1,"","","","string {[]} {[]}
","Specify changes","Describe the changes to the types of sources","","","","","","","","","",,,,,"",,,,"SOTT1ExposureWaterFood.specifyChanges",0,1,"",""
"SOTT1ExposureWaterFood.morningFood","SOTT1ExposureWaterFood.morningFood","","","",0,1,"","","","http://ritikarawlani.github.io/smart-outbreak-measles/StructureDefinition/SOTT1ExposureFoodDetails {[]} {[]}
","Details of food in the morning","Details of food in the morning","","","","","","","","","",,,,,"",,,,"SOTT1ExposureWaterFood.morningFood",0,1,"",""
"SOTT1ExposureWaterFood.middayFood","SOTT1ExposureWaterFood.middayFood","","","",0,1,"","","","http://ritikarawlani.github.io/smart-outbreak-measles/StructureDefinition/SOTT1ExposureFoodDetails {[]} {[]}
","Details of food at mid-day","Details of food at mid-day","","","","","","","","","",,,,,"",,,,"SOTT1ExposureWaterFood.middayFood",0,1,"",""
"SOTT1ExposureWaterFood.eveningFood","SOTT1ExposureWaterFood.eveningFood","","","",0,1,"","","","http://ritikarawlani.github.io/smart-outbreak-measles/StructureDefinition/SOTT1ExposureFoodDetails {[]} {[]}
","Details of food in the evening","Details of food in the evening","","","","","","","","","",,,,,"",,,,"SOTT1ExposureWaterFood.eveningFood",0,1,"",""
"SOTT1ExposureWaterFood.morningBeverage","SOTT1ExposureWaterFood.morningBeverage","","","",0,1,"","","","http://ritikarawlani.github.io/smart-outbreak-measles/StructureDefinition/SOTT1ExposureFoodDetails {[]} {[]}
","Details of beverage in the morning","Details of beverage in the morning","","","","","","","","","",,,,,"",,,,"SOTT1ExposureWaterFood.morningBeverage",0,1,"",""
"SOTT1ExposureWaterFood.middayBeverage","SOTT1ExposureWaterFood.middayBeverage","","","",0,1,"","","","http://ritikarawlani.github.io/smart-outbreak-measles/StructureDefinition/SOTT1ExposureFoodDetails {[]} {[]}
","Details of beverage at mid-day","Details of beverage at mid-day","","","","","","","","","",,,,,"",,,,"SOTT1ExposureWaterFood.middayBeverage",0,1,"",""
"SOTT1ExposureWaterFood.eveningBeverage","SOTT1ExposureWaterFood.eveningBeverage","","","",0,1,"","","","http://ritikarawlani.github.io/smart-outbreak-measles/StructureDefinition/SOTT1ExposureFoodDetails {[]} {[]}
","Details of beverage in the evening","Details of beverage in the evening","","","","","","","","","",,,,,"",,,,"SOTT1ExposureWaterFood.eveningBeverage",0,1,"",""
"SOTT1ExposureWaterFood.otherObservation","SOTT1ExposureWaterFood.otherObservation","","","",0,1,"","","","string {[]} {[]}
","Any other observation to share regarding food and drinks","Any other observation to share regarding food and drinks","","","","","","","","","",,,,,"",,,,"SOTT1ExposureWaterFood.otherObservation",0,1,"",""
