"Id","Path","Slice Name","Alias(s)","Label","Min","Max","Must Support?","Is Modifier?","Is Summary?","Type(s)","Short","Definition","Comments","Requirements","Default Value","Meaning When Missing","Fixed Value","Pattern","Example","Minimum Value","Maximum Value","Maximum Length","Binding Strength","Binding Description","Binding Value Set","Code","Slicing Discriminator","Slicing Description","Slicing Ordered","Slicing Rules","Base Path","Base Min","Base Max","Condition(s)","Constraint(s)","Mapping: RIM Mapping"
"SOTT1ClinicalTreatments","SOTT1ClinicalTreatments","","","",0,*,"","","","null {[]} {[]}
","Surveillance & Outbreak Toolkit T1 Clinical - Treatments","Base definition for all elements that are defined inside a resource - but not those in a data type.","","","","","","","","","",,,,,"",,,,"BackboneElement",0,*,"ele-1
","","n/a"
"SOTT1ClinicalTreatments.id","SOTT1ClinicalTreatments.id","","","",0,1,"","","","string {[]} {[]}
","Unique id for inter-element referencing","Unique id for the element within a resource (for internal references). This may be any string value that does not contain spaces.","","","","","","","","","",,,,,"",,,,"Element.id",0,1,"","","n/a"
"SOTT1ClinicalTreatments.extension","SOTT1ClinicalTreatments.extension","","extensions
user content","",0,*,"","","","Extension {[]} {[]}
","Additional content defined by implementations","May be used to represent additional information that is not part of the basic definition of the element. To make the use of extensions safe and manageable, there is a strict set of governance  applied to the definition and use of extensions. Though any implementer can define an extension, there is a set of requirements that SHALL be met as part of the definition of the extension.","There can be no stigma associated with the use of extensions by any application, project, or standard - regardless of the institution or jurisdiction that uses or defines the extensions.  The use of extensions is what allows the FHIR specification to retain a core level of simplicity for everyone.","","","","","","","","",,,,,"","value:url}
","Extensions are always sliced by (at least) url",,"open","Element.extension",0,*,"","ele-1:All FHIR elements must have a @value or children {hasValue() or (children().count() > id.count())}
ext-1:Must have either extensions or value[x], not both {extension.exists() != value.exists()}","n/a"
"SOTT1ClinicalTreatments.modifierExtension","SOTT1ClinicalTreatments.modifierExtension","","extensions
user contentmodifiers","",0,*,"","Y","Y","Extension {[]} {[]}
","Extensions that cannot be ignored even if unrecognized","May be used to represent additional information that is not part of the basic definition of the element and that modifies the understanding of the element in which it is contained and/or the understanding of the containing element's descendants. Usually modifier elements provide negation or qualification. To make the use of extensions safe and manageable, there is a strict set of governance applied to the definition and use of extensions. Though any implementer can define an extension, there is a set of requirements that SHALL be met as part of the definition of the extension. Applications processing a resource are required to check for modifier extensions.

Modifier extensions SHALL NOT change the meaning of any elements on Resource or DomainResource (including cannot change the meaning of modifierExtension itself).","There can be no stigma associated with the use of extensions by any application, project, or standard - regardless of the institution or jurisdiction that uses or defines the extensions.  The use of extensions is what allows the FHIR specification to retain a core level of simplicity for everyone.","Modifier extensions allow for extensions that *cannot* be safely ignored to be clearly distinguished from the vast majority of extensions which can be safely ignored.  This promotes interoperability by eliminating the need for implementers to prohibit the presence of extensions. For further information, see the [definition of modifier extensions](http://hl7.org/fhir/R4/extensibility.html#modifierExtension).","","","","","","","",,,,,"",,,,"BackboneElement.modifierExtension",0,*,"","ele-1:All FHIR elements must have a @value or children {hasValue() or (children().count() > id.count())}
ext-1:Must have either extensions or value[x], not both {extension.exists() != value.exists()}","N/A"
"SOTT1ClinicalTreatments.priorTreatment","SOTT1ClinicalTreatments.priorTreatment","","","",0,1,"","","","code {[]} {[]}
","Treatments received by the patient for this episode prior to admission","Did the patient receive treatments for this episode prior to admission","","","","","","","","","",,"required","","http://terminology.hl7.org/ValueSet/v2-0136","",,,,"SOTT1ClinicalTreatments.priorTreatment",0,1,"",""
"SOTT1ClinicalTreatments.priorTreatmentInfo","SOTT1ClinicalTreatments.priorTreatmentInfo","","","",0,*,"","","","http://ritikarawlani.github.io/smart-outbreak-measles/StructureDefinition/SOTT1ClinicalTreatmentInfo {[]} {[]}
","Describe treatment received prior to admission","Describe treatment received prior to admission","","","","","","","","","",,,,,"",,,,"SOTT1ClinicalTreatments.priorTreatmentInfo",0,*,"",""
"SOTT1ClinicalTreatments.treatmentDuringAdmission","SOTT1ClinicalTreatments.treatmentDuringAdmission","","","",0,1,"","","","code {[]} {[]}
","Treatments received by the patient for this episode during admission","Did the patient receive treatments for this episode during admission","","","","","","","","","",,"required","","http://terminology.hl7.org/ValueSet/v2-0136","",,,,"SOTT1ClinicalTreatments.treatmentDuringAdmission",0,1,"",""
"SOTT1ClinicalTreatments.treatmentDuringAdmissionInfo","SOTT1ClinicalTreatments.treatmentDuringAdmissionInfo","","","",0,*,"","","","http://ritikarawlani.github.io/smart-outbreak-measles/StructureDefinition/SOTT1ClinicalTreatmentInfo {[]} {[]}
","Describe Treatments received by the patient for this episode during admission","Describe Treatments received by the patient for this episode during admission","","","","","","","","","",,,,,"",,,,"SOTT1ClinicalTreatments.treatmentDuringAdmissionInfo",0,*,"",""
"SOTT1ClinicalTreatments.traditionalTreatment","SOTT1ClinicalTreatments.traditionalTreatment","","","",0,1,"","","","code {[]} {[]}
","Traditional treatment received","Did the patient receive treament from a traditional healer","","","","","","","","","",,"required","","http://ritikarawlani.github.io/smart-outbreak-measles/ValueSet/YesNoUnknown","",,,,"SOTT1ClinicalTreatments.traditionalTreatment",0,1,"",""
"SOTT1ClinicalTreatments.specifyTraditionalTreatment","SOTT1ClinicalTreatments.specifyTraditionalTreatment","","","",0,1,"","","","string {[]} {[]}
","Specify traditional treatment","Specify the treatment received from the traditional healer","","","","","","","","","",,,,,"",,,,"SOTT1ClinicalTreatments.specifyTraditionalTreatment",0,1,"",""
"SOTT1ClinicalTreatments.betterWithTraditionalTreatment","SOTT1ClinicalTreatments.betterWithTraditionalTreatment","","","",0,1,"","","","code {[]} {[]}
","Did the traditional treatment improve the patient's medical state","Did the traditional treatment improve the patient's medical state","","","","","","","","","",,"required","","http://ritikarawlani.github.io/smart-outbreak-measles/ValueSet/YesNoUnknown","",,,,"SOTT1ClinicalTreatments.betterWithTraditionalTreatment",0,1,"",""
"SOTT1ClinicalTreatments.transfusion","SOTT1ClinicalTreatments.transfusion","","","",0,1,"","","","code {[]} {[]}
","At any time during hospitalization, did the patient receive a blood transfusion","At any time during hospitalization, did the patient receive a blood transfusion","","","","","","","","","",,"required","","http://ritikarawlani.github.io/smart-outbreak-measles/ValueSet/YesNoUnknown","",,,,"SOTT1ClinicalTreatments.transfusion",0,1,"",""
"SOTT1ClinicalTreatments.otherTreatmentInfo","SOTT1ClinicalTreatments.otherTreatmentInfo","","","",0,1,"","","","string {[]} {[]}
","Any other information regarding treatment history","Describe any other information regarding treatment history","","","","","","","","","",,,,,"",,,,"SOTT1ClinicalTreatments.otherTreatmentInfo",0,1,"",""
