<?xml version="1.0" encoding="UTF-8"?>

<Bundle xmlns="http://hl7.org/fhir">
  <id value="bf87a59a-3e39-45ce-ba30-65ef78d12172"/>
  <meta>
    <lastUpdated value="2023-06-13T18:28:07.819+00:00"/>
  </meta>
  <type value="collection"/>
  <entry>
    <fullUrl value="http://ritikarawlani.github.io/smart-outbreak-measles/ValueSet/AnimalContactType"/>
    <resource>
      <ValueSet>
        <text>
          <status value="generated"/>
          <div xmlns="http://www.w3.org/1999/xhtml">
            <p>This value set contains 4 concepts</p>
            <p style="border: black 1px dotted; background-color: #EEEEEE; padding: 8px; margin-bottom: 8px">Expansion based on 
              <a href="CodeSystem-AnimalContactTypeCs.html">Animal Contact Type v0.2.1 (CodeSystem)</a>
            </p>
            <table class="codes">
              <tr>
                <td style="white-space:nowrap">
                  <b>Code</b>
                </td>
                <td>
                  <b>System</b>
                </td>
                <td>
                  <b>Display</b>
                </td>
              </tr>
              <tr>
                <td style="white-space:nowrap">
                  <a name="http---ritikarawlani.github.io-smart-outbreak-measles-AnimalContactType-Trading"> </a>  
                  <a href="CodeSystem-AnimalContactTypeCs.html#AnimalContactTypeCs-Trading">Trading</a>
                </td>
                <td>http://ritikarawlani.github.io/smart-outbreak-measles/AnimalContactType</td>
                <td>trading</td>
              </tr>
              <tr>
                <td style="white-space:nowrap">
                  <a name="http---ritikarawlani.github.io-smart-outbreak-measles-AnimalContactType-Slaughtered"> </a>  
                  <a href="CodeSystem-AnimalContactTypeCs.html#AnimalContactTypeCs-Slaughtered">Slaughtered</a>
                </td>
                <td>http://ritikarawlani.github.io/smart-outbreak-measles/AnimalContactType</td>
                <td>slaughtered/butchered</td>
              </tr>
              <tr>
                <td style="white-space:nowrap">
                  <a name="http---ritikarawlani.github.io-smart-outbreak-measles-AnimalContactType-Handling"> </a>  
                  <a href="CodeSystem-AnimalContactTypeCs.html#AnimalContactTypeCs-Handling">Handling</a>
                </td>
                <td>http://ritikarawlani.github.io/smart-outbreak-measles/AnimalContactType</td>
                <td>Handling</td>
              </tr>
              <tr>
                <td style="white-space:nowrap">
                  <a name="http---ritikarawlani.github.io-smart-outbreak-measles-AnimalContactType-Consumption"> </a>  
                  <a href="CodeSystem-AnimalContactTypeCs.html#AnimalContactTypeCs-Consumption">Consumption</a>
                </td>
                <td>http://ritikarawlani.github.io/smart-outbreak-measles/AnimalContactType</td>
                <td>consmption of Animal Products</td>
              </tr>
            </table>
          </div>
        </text>
        <url value="http://ritikarawlani.github.io/smart-outbreak-measles/ValueSet/AnimalContactType"/>
        <version value="0.2.1"/>
        <name value="AnimalContactType"/>
        <title value="Animal Contact Type"/>
        <status value="draft"/>
        <date value="2023-06-13T18:28:07+00:00"/>
        <jurisdiction>
          <coding>
            <system value="http://unstats.un.org/unsd/methods/m49/m49.htm"/>
            <code value="001"/>
          </coding>
        </jurisdiction>
        <expansion>
          <identifier value="urn:uuid:f917ebe6-f054-423e-8475-d46eb8802df6"/>
          <timestamp value="2023-06-13T18:28:44+00:00"/>
          <total value="4"/>
          <parameter>
            <name value="excludeNested"/>
            <valueBoolean value="false"/>
          </parameter>
          <parameter>
            <name value="version"/>
            <valueUri value="http://ritikarawlani.github.io/smart-outbreak-measles/AnimalContactType|0.2.1"/>
          </parameter>
          <contains>
            <system value="http://ritikarawlani.github.io/smart-outbreak-measles/AnimalContactType"/>
            <code value="Trading"/>
            <display value="trading"/>
          </contains>
          <contains>
            <system value="http://ritikarawlani.github.io/smart-outbreak-measles/AnimalContactType"/>
            <code value="Slaughtered"/>
            <display value="slaughtered/butchered"/>
          </contains>
          <contains>
            <system value="http://ritikarawlani.github.io/smart-outbreak-measles/AnimalContactType"/>
            <code value="Handling"/>
            <display value="Handling"/>
          </contains>
          <contains>
            <system value="http://ritikarawlani.github.io/smart-outbreak-measles/AnimalContactType"/>
            <code value="Consumption"/>
            <display value="consmption of Animal Products"/>
          </contains>
        </expansion>
      </ValueSet>
    </resource>
  </entry>
  <entry>
    <fullUrl value="http://ritikarawlani.github.io/smart-outbreak-measles/ValueSet/BiologicalSex"/>
    <resource>
      <ValueSet>
        <text>
          <status value="generated"/>
          <div xmlns="http://www.w3.org/1999/xhtml">
            <p>This value set contains 2 concepts</p>
            <p style="border: black 1px dotted; background-color: #EEEEEE; padding: 8px; margin-bottom: 8px">Expansion based on 
              <a href="http://hl7.org/fhir/R4/codesystem-administrative-gender.html">AdministrativeGender v4.0.1 (CodeSystem)</a>
            </p>
            <table class="codes">
              <tr>
                <td style="white-space:nowrap">
                  <b>Code</b>
                </td>
                <td>
                  <b>System</b>
                </td>
                <td>
                  <b>Display</b>
                </td>
                <td>
                  <b>Definition</b>
                </td>
              </tr>
              <tr>
                <td style="white-space:nowrap">
                  <a name="http---hl7.org-fhir-administrative-gender-male"> </a>  
                  <a href="http://hl7.org/fhir/R4/codesystem-administrative-gender.html#administrative-gender-male">male</a>
                </td>
                <td>http://hl7.org/fhir/administrative-gender</td>
                <td>Male</td>
                <td>
                  <div>
                    <p>Male.</p>

                  </div>
                </td>
              </tr>
              <tr>
                <td style="white-space:nowrap">
                  <a name="http---hl7.org-fhir-administrative-gender-female"> </a>  
                  <a href="http://hl7.org/fhir/R4/codesystem-administrative-gender.html#administrative-gender-female">female</a>
                </td>
                <td>http://hl7.org/fhir/administrative-gender</td>
                <td>Female</td>
                <td>
                  <div>
                    <p>Female.</p>

                  </div>
                </td>
              </tr>
            </table>
          </div>
        </text>
        <url value="http://ritikarawlani.github.io/smart-outbreak-measles/ValueSet/BiologicalSex"/>
        <version value="0.2.1"/>
        <name value="BiologicalSex"/>
        <title value="SOT Biological Sex"/>
        <status value="draft"/>
        <date value="2023-06-13T18:28:07+00:00"/>
        <jurisdiction>
          <coding>
            <system value="http://unstats.un.org/unsd/methods/m49/m49.htm"/>
            <code value="001"/>
          </coding>
        </jurisdiction>
        <expansion>
          <identifier value="urn:uuid:2d81ede8-99a6-4e33-a930-63a16d92a53f"/>
          <timestamp value="2023-06-13T18:28:44+00:00"/>
          <total value="2"/>
          <parameter>
            <name value="excludeNested"/>
            <valueBoolean value="false"/>
          </parameter>
          <parameter>
            <name value="version"/>
            <valueUri value="http://hl7.org/fhir/administrative-gender|4.0.1"/>
          </parameter>
          <contains>
            <system value="http://hl7.org/fhir/administrative-gender"/>
            <code value="male"/>
            <display value="Male"/>
          </contains>
          <contains>
            <system value="http://hl7.org/fhir/administrative-gender"/>
            <code value="female"/>
            <display value="Female"/>
          </contains>
        </expansion>
      </ValueSet>
    </resource>
  </entry>
  <entry>
    <fullUrl value="http://ritikarawlani.github.io/smart-outbreak-measles/ValueSet/WaterCharacteristics"/>
    <resource>
      <ValueSet>
        <text>
          <status value="generated"/>
          <div xmlns="http://www.w3.org/1999/xhtml">
            <p>This value set contains 3 concepts</p>
            <p style="border: black 1px dotted; background-color: #EEEEEE; padding: 8px; margin-bottom: 8px">Expansion based on 
              <a href="CodeSystem-WaterCharacteristicsCs.html">Water Characteristics v0.2.1 (CodeSystem)</a>
            </p>
            <table class="codes">
              <tr>
                <td style="white-space:nowrap">
                  <b>Code</b>
                </td>
                <td>
                  <b>System</b>
                </td>
                <td>
                  <b>Display</b>
                </td>
              </tr>
              <tr>
                <td style="white-space:nowrap">
                  <a name="http---ritikarawlani.github.io-smart-outbreak-measles-WaterCharacteristics-Clear"> </a>  
                  <a href="CodeSystem-WaterCharacteristicsCs.html#WaterCharacteristicsCs-Clear">Clear</a>
                </td>
                <td>http://ritikarawlani.github.io/smart-outbreak-measles/WaterCharacteristics</td>
                <td>Clear</td>
              </tr>
              <tr>
                <td style="white-space:nowrap">
                  <a name="http---ritikarawlani.github.io-smart-outbreak-measles-WaterCharacteristics-Filtered"> </a>  
                  <a href="CodeSystem-WaterCharacteristicsCs.html#WaterCharacteristicsCs-Filtered">Filtered</a>
                </td>
                <td>http://ritikarawlani.github.io/smart-outbreak-measles/WaterCharacteristics</td>
                <td>Filtered</td>
              </tr>
              <tr>
                <td style="white-space:nowrap">
                  <a name="http---ritikarawlani.github.io-smart-outbreak-measles-WaterCharacteristics-Treated"> </a>  
                  <a href="CodeSystem-WaterCharacteristicsCs.html#WaterCharacteristicsCs-Treated">Treated</a>
                </td>
                <td>http://ritikarawlani.github.io/smart-outbreak-measles/WaterCharacteristics</td>
                <td>Treated</td>
              </tr>
            </table>
          </div>
        </text>
        <url value="http://ritikarawlani.github.io/smart-outbreak-measles/ValueSet/WaterCharacteristics"/>
        <version value="0.2.1"/>
        <name value="WaterCharacteristics"/>
        <title value="Water Characteristics"/>
        <status value="draft"/>
        <date value="2023-06-13T18:28:07+00:00"/>
        <jurisdiction>
          <coding>
            <system value="http://unstats.un.org/unsd/methods/m49/m49.htm"/>
            <code value="001"/>
          </coding>
        </jurisdiction>
        <expansion>
          <identifier value="urn:uuid:04111779-0eff-4b42-bc14-3383755003b9"/>
          <timestamp value="2023-06-13T18:28:46+00:00"/>
          <total value="3"/>
          <parameter>
            <name value="excludeNested"/>
            <valueBoolean value="false"/>
          </parameter>
          <parameter>
            <name value="version"/>
            <valueUri value="http://ritikarawlani.github.io/smart-outbreak-measles/WaterCharacteristics|0.2.1"/>
          </parameter>
          <contains>
            <system value="http://ritikarawlani.github.io/smart-outbreak-measles/WaterCharacteristics"/>
            <code value="Clear"/>
            <display value="Clear"/>
          </contains>
          <contains>
            <system value="http://ritikarawlani.github.io/smart-outbreak-measles/WaterCharacteristics"/>
            <code value="Filtered"/>
            <display value="Filtered"/>
          </contains>
          <contains>
            <system value="http://ritikarawlani.github.io/smart-outbreak-measles/WaterCharacteristics"/>
            <code value="Treated"/>
            <display value="Treated"/>
          </contains>
        </expansion>
      </ValueSet>
    </resource>
  </entry>
  <entry>
    <fullUrl value="http://ritikarawlani.github.io/smart-outbreak-measles/ValueSet/PatientOutcome"/>
    <resource>
      <ValueSet>
        <text>
          <status value="generated"/>
          <div xmlns="http://www.w3.org/1999/xhtml">
            <p>This value set contains 5 concepts</p>
            <p style="border: black 1px dotted; background-color: #EEEEEE; padding: 8px; margin-bottom: 8px">Expansion based on 
              <a href="CodeSystem-PatientOutcomeCs.html">Patient Clinical Course Outcome v0.2.1 (CodeSystem)</a>
            </p>
            <table class="codes">
              <tr>
                <td style="white-space:nowrap">
                  <b>Code</b>
                </td>
                <td>
                  <b>System</b>
                </td>
                <td>
                  <b>Display</b>
                </td>
              </tr>
              <tr>
                <td style="white-space:nowrap">
                  <a name="http---ritikarawlani.github.io-smart-outbreak-measles-PatientOutcome-Sick"> </a>  
                  <a href="CodeSystem-PatientOutcomeCs.html#PatientOutcomeCs-Sick">Sick</a>
                </td>
                <td>http://ritikarawlani.github.io/smart-outbreak-measles/PatientOutcome</td>
                <td>Still sick</td>
              </tr>
              <tr>
                <td style="white-space:nowrap">
                  <a name="http---ritikarawlani.github.io-smart-outbreak-measles-PatientOutcome-Cured"> </a>  
                  <a href="CodeSystem-PatientOutcomeCs.html#PatientOutcomeCs-Cured">Cured</a>
                </td>
                <td>http://ritikarawlani.github.io/smart-outbreak-measles/PatientOutcome</td>
                <td>Cured</td>
              </tr>
              <tr>
                <td style="white-space:nowrap">
                  <a name="http---ritikarawlani.github.io-smart-outbreak-measles-PatientOutcome-Sequelae"> </a>  
                  <a href="CodeSystem-PatientOutcomeCs.html#PatientOutcomeCs-Sequelae">Sequelae</a>
                </td>
                <td>http://ritikarawlani.github.io/smart-outbreak-measles/PatientOutcome</td>
                <td>Sequelae</td>
              </tr>
              <tr>
                <td style="white-space:nowrap">
                  <a name="http---ritikarawlani.github.io-smart-outbreak-measles-PatientOutcome-Defaulter"> </a>  
                  <a href="CodeSystem-PatientOutcomeCs.html#PatientOutcomeCs-Defaulter">Defaulter</a>
                </td>
                <td>http://ritikarawlani.github.io/smart-outbreak-measles/PatientOutcome</td>
                <td>Defaulter</td>
              </tr>
              <tr>
                <td style="white-space:nowrap">
                  <a name="http---ritikarawlani.github.io-smart-outbreak-measles-PatientOutcome-Death"> </a>  
                  <a href="CodeSystem-PatientOutcomeCs.html#PatientOutcomeCs-Death">Death</a>
                </td>
                <td>http://ritikarawlani.github.io/smart-outbreak-measles/PatientOutcome</td>
                <td>Death</td>
              </tr>
            </table>
          </div>
        </text>
        <url value="http://ritikarawlani.github.io/smart-outbreak-measles/ValueSet/PatientOutcome"/>
        <version value="0.2.1"/>
        <name value="PatientOutcome"/>
        <title value="Patient Clinical Course Outcome"/>
        <status value="draft"/>
        <date value="2023-06-13T18:28:07+00:00"/>
        <jurisdiction>
          <coding>
            <system value="http://unstats.un.org/unsd/methods/m49/m49.htm"/>
            <code value="001"/>
          </coding>
        </jurisdiction>
        <expansion>
          <identifier value="urn:uuid:02a18a13-8126-4fe1-8e21-a86af66e91ee"/>
          <timestamp value="2023-06-13T18:28:46+00:00"/>
          <total value="5"/>
          <parameter>
            <name value="excludeNested"/>
            <valueBoolean value="false"/>
          </parameter>
          <parameter>
            <name value="version"/>
            <valueUri value="http://ritikarawlani.github.io/smart-outbreak-measles/PatientOutcome|0.2.1"/>
          </parameter>
          <contains>
            <system value="http://ritikarawlani.github.io/smart-outbreak-measles/PatientOutcome"/>
            <code value="Sick"/>
            <display value="Still sick"/>
          </contains>
          <contains>
            <system value="http://ritikarawlani.github.io/smart-outbreak-measles/PatientOutcome"/>
            <code value="Cured"/>
            <display value="Cured"/>
          </contains>
          <contains>
            <system value="http://ritikarawlani.github.io/smart-outbreak-measles/PatientOutcome"/>
            <code value="Sequelae"/>
            <display value="Sequelae"/>
          </contains>
          <contains>
            <system value="http://ritikarawlani.github.io/smart-outbreak-measles/PatientOutcome"/>
            <code value="Defaulter"/>
            <display value="Defaulter"/>
          </contains>
          <contains>
            <system value="http://ritikarawlani.github.io/smart-outbreak-measles/PatientOutcome"/>
            <code value="Death"/>
            <display value="Death"/>
          </contains>
        </expansion>
      </ValueSet>
    </resource>
  </entry>
  <entry>
    <fullUrl value="http://ritikarawlani.github.io/smart-outbreak-measles/ValueSet/ProvType"/>
    <resource>
      <ValueSet>
        <text>
          <status value="generated"/>
          <div xmlns="http://www.w3.org/1999/xhtml">
            <p>This value set contains 8 concepts</p>
            <p style="border: black 1px dotted; background-color: #EEEEEE; padding: 8px; margin-bottom: 8px">Expansion based on 
              <a href="CodeSystem-ProvTypeCs.html">Type of Provider Code System v0.2.1 (CodeSystem)</a>
            </p>
            <table class="codes">
              <tr>
                <td style="white-space:nowrap">
                  <b>Code</b>
                </td>
                <td>
                  <b>System</b>
                </td>
                <td>
                  <b>Display</b>
                </td>
              </tr>
              <tr>
                <td style="white-space:nowrap">
                  <a name="http---ritikarawlani.github.io-smart-outbreak-measles-ProvType-1"> </a>  
                  <a href="CodeSystem-ProvTypeCs.html#ProvTypeCs-1">1</a>
                </td>
                <td>http://ritikarawlani.github.io/smart-outbreak-measles/ProvType</td>
                <td>Spontaneous Consultation</td>
              </tr>
              <tr>
                <td style="white-space:nowrap">
                  <a name="http---ritikarawlani.github.io-smart-outbreak-measles-ProvType-2"> </a>  
                  <a href="CodeSystem-ProvTypeCs.html#ProvTypeCs-2">2</a>
                </td>
                <td>http://ritikarawlani.github.io/smart-outbreak-measles/ProvType</td>
                <td>Laboratory</td>
              </tr>
              <tr>
                <td style="white-space:nowrap">
                  <a name="http---ritikarawlani.github.io-smart-outbreak-measles-ProvType-3"> </a>  
                  <a href="CodeSystem-ProvTypeCs.html#ProvTypeCs-3">3</a>
                </td>
                <td>http://ritikarawlani.github.io/smart-outbreak-measles/ProvType</td>
                <td>Institutional Search</td>
              </tr>
              <tr>
                <td style="white-space:nowrap">
                  <a name="http---ritikarawlani.github.io-smart-outbreak-measles-ProvType-4"> </a>  
                  <a href="CodeSystem-ProvTypeCs.html#ProvTypeCs-4">4</a>
                </td>
                <td>http://ritikarawlani.github.io/smart-outbreak-measles/ProvType</td>
                <td>Community Case Search</td>
              </tr>
              <tr>
                <td style="white-space:nowrap">
                  <a name="http---ritikarawlani.github.io-smart-outbreak-measles-ProvType-5"> </a>  
                  <a href="CodeSystem-ProvTypeCs.html#ProvTypeCs-5">5</a>
                </td>
                <td>http://ritikarawlani.github.io/smart-outbreak-measles/ProvType</td>
                <td>Contact Investigation</td>
              </tr>
              <tr>
                <td style="white-space:nowrap">
                  <a name="http---ritikarawlani.github.io-smart-outbreak-measles-ProvType-6"> </a>  
                  <a href="CodeSystem-ProvTypeCs.html#ProvTypeCs-6">6</a>
                </td>
                <td>http://ritikarawlani.github.io/smart-outbreak-measles/ProvType</td>
                <td>Community Report</td>
              </tr>
              <tr>
                <td style="white-space:nowrap">
                  <a name="http---ritikarawlani.github.io-smart-outbreak-measles-ProvType-88"> </a>  
                  <a href="CodeSystem-ProvTypeCs.html#ProvTypeCs-88">88</a>
                </td>
                <td>http://ritikarawlani.github.io/smart-outbreak-measles/ProvType</td>
                <td>Other</td>
              </tr>
              <tr>
                <td style="white-space:nowrap">
                  <a name="http---ritikarawlani.github.io-smart-outbreak-measles-ProvType-99"> </a>  
                  <a href="CodeSystem-ProvTypeCs.html#ProvTypeCs-99">99</a>
                </td>
                <td>http://ritikarawlani.github.io/smart-outbreak-measles/ProvType</td>
                <td>Unknown</td>
              </tr>
            </table>
          </div>
        </text>
        <url value="http://ritikarawlani.github.io/smart-outbreak-measles/ValueSet/ProvType"/>
        <version value="0.2.1"/>
        <name value="ProvType"/>
        <title value="SOT Measles Provider Type"/>
        <status value="draft"/>
        <date value="2023-06-13T18:28:07+00:00"/>
        <jurisdiction>
          <coding>
            <system value="http://unstats.un.org/unsd/methods/m49/m49.htm"/>
            <code value="001"/>
          </coding>
        </jurisdiction>
        <expansion>
          <identifier value="urn:uuid:11a7461b-56ae-4c84-befb-b8a797f0fa61"/>
          <timestamp value="2023-06-13T18:28:48+00:00"/>
          <total value="8"/>
          <parameter>
            <name value="excludeNested"/>
            <valueBoolean value="false"/>
          </parameter>
          <parameter>
            <name value="version"/>
            <valueUri value="http://ritikarawlani.github.io/smart-outbreak-measles/ProvType|0.2.1"/>
          </parameter>
          <contains>
            <system value="http://ritikarawlani.github.io/smart-outbreak-measles/ProvType"/>
            <code value="1"/>
            <display value="Spontaneous Consultation"/>
          </contains>
          <contains>
            <system value="http://ritikarawlani.github.io/smart-outbreak-measles/ProvType"/>
            <code value="2"/>
            <display value="Laboratory"/>
          </contains>
          <contains>
            <system value="http://ritikarawlani.github.io/smart-outbreak-measles/ProvType"/>
            <code value="3"/>
            <display value="Institutional Search"/>
          </contains>
          <contains>
            <system value="http://ritikarawlani.github.io/smart-outbreak-measles/ProvType"/>
            <code value="4"/>
            <display value="Community Case Search"/>
          </contains>
          <contains>
            <system value="http://ritikarawlani.github.io/smart-outbreak-measles/ProvType"/>
            <code value="5"/>
            <display value="Contact Investigation"/>
          </contains>
          <contains>
            <system value="http://ritikarawlani.github.io/smart-outbreak-measles/ProvType"/>
            <code value="6"/>
            <display value="Community Report"/>
          </contains>
          <contains>
            <system value="http://ritikarawlani.github.io/smart-outbreak-measles/ProvType"/>
            <code value="88"/>
            <display value="Other"/>
          </contains>
          <contains>
            <system value="http://ritikarawlani.github.io/smart-outbreak-measles/ProvType"/>
            <code value="99"/>
            <display value="Unknown"/>
          </contains>
        </expansion>
      </ValueSet>
    </resource>
  </entry>
  <entry>
    <fullUrl value="http://ritikarawlani.github.io/smart-outbreak-measles/ValueSet/LocType"/>
    <resource>
      <ValueSet>
        <text>
          <status value="generated"/>
          <div xmlns="http://www.w3.org/1999/xhtml">
            <p>This value set contains 8 concepts</p>
            <p style="border: black 1px dotted; background-color: #EEEEEE; padding: 8px; margin-bottom: 8px">Expansion based on 
              <a href="CodeSystem-LocTypeCs.html">Locality Type Code System v0.2.1 (CodeSystem)</a>
            </p>
            <table class="codes">
              <tr>
                <td style="white-space:nowrap">
                  <b>Code</b>
                </td>
                <td>
                  <b>System</b>
                </td>
                <td>
                  <b>Display</b>
                </td>
              </tr>
              <tr>
                <td style="white-space:nowrap">
                  <a name="http---ritikarawlani.github.io-smart-outbreak-measles-LocType-1"> </a>  
                  <a href="CodeSystem-LocTypeCs.html#LocTypeCs-1">1</a>
                </td>
                <td>http://ritikarawlani.github.io/smart-outbreak-measles/LocType</td>
                <td>Spontaneous Consultation</td>
              </tr>
              <tr>
                <td style="white-space:nowrap">
                  <a name="http---ritikarawlani.github.io-smart-outbreak-measles-LocType-2"> </a>  
                  <a href="CodeSystem-LocTypeCs.html#LocTypeCs-2">2</a>
                </td>
                <td>http://ritikarawlani.github.io/smart-outbreak-measles/LocType</td>
                <td>Laboratory</td>
              </tr>
              <tr>
                <td style="white-space:nowrap">
                  <a name="http---ritikarawlani.github.io-smart-outbreak-measles-LocType-3"> </a>  
                  <a href="CodeSystem-LocTypeCs.html#LocTypeCs-3">3</a>
                </td>
                <td>http://ritikarawlani.github.io/smart-outbreak-measles/LocType</td>
                <td>Institutional Search</td>
              </tr>
              <tr>
                <td style="white-space:nowrap">
                  <a name="http---ritikarawlani.github.io-smart-outbreak-measles-LocType-4"> </a>  
                  <a href="CodeSystem-LocTypeCs.html#LocTypeCs-4">4</a>
                </td>
                <td>http://ritikarawlani.github.io/smart-outbreak-measles/LocType</td>
                <td>Community Case Search</td>
              </tr>
              <tr>
                <td style="white-space:nowrap">
                  <a name="http---ritikarawlani.github.io-smart-outbreak-measles-LocType-5"> </a>  
                  <a href="CodeSystem-LocTypeCs.html#LocTypeCs-5">5</a>
                </td>
                <td>http://ritikarawlani.github.io/smart-outbreak-measles/LocType</td>
                <td>Contact Investigation</td>
              </tr>
              <tr>
                <td style="white-space:nowrap">
                  <a name="http---ritikarawlani.github.io-smart-outbreak-measles-LocType-6"> </a>  
                  <a href="CodeSystem-LocTypeCs.html#LocTypeCs-6">6</a>
                </td>
                <td>http://ritikarawlani.github.io/smart-outbreak-measles/LocType</td>
                <td>Community Report</td>
              </tr>
              <tr>
                <td style="white-space:nowrap">
                  <a name="http---ritikarawlani.github.io-smart-outbreak-measles-LocType-88"> </a>  
                  <a href="CodeSystem-LocTypeCs.html#LocTypeCs-88">88</a>
                </td>
                <td>http://ritikarawlani.github.io/smart-outbreak-measles/LocType</td>
                <td>Other</td>
              </tr>
              <tr>
                <td style="white-space:nowrap">
                  <a name="http---ritikarawlani.github.io-smart-outbreak-measles-LocType-99"> </a>  
                  <a href="CodeSystem-LocTypeCs.html#LocTypeCs-99">99</a>
                </td>
                <td>http://ritikarawlani.github.io/smart-outbreak-measles/LocType</td>
                <td>Unknown</td>
              </tr>
            </table>
          </div>
        </text>
        <url value="http://ritikarawlani.github.io/smart-outbreak-measles/ValueSet/LocType"/>
        <version value="0.2.1"/>
        <name value="LocType"/>
        <title value="SOT Measles Locality Type"/>
        <status value="draft"/>
        <date value="2023-06-13T18:28:07+00:00"/>
        <jurisdiction>
          <coding>
            <system value="http://unstats.un.org/unsd/methods/m49/m49.htm"/>
            <code value="001"/>
          </coding>
        </jurisdiction>
        <expansion>
          <identifier value="urn:uuid:74c3c149-e5db-43fa-bdf9-248aaa9502a1"/>
          <timestamp value="2023-06-13T18:28:49+00:00"/>
          <total value="8"/>
          <parameter>
            <name value="excludeNested"/>
            <valueBoolean value="false"/>
          </parameter>
          <parameter>
            <name value="version"/>
            <valueUri value="http://ritikarawlani.github.io/smart-outbreak-measles/LocType|0.2.1"/>
          </parameter>
          <contains>
            <system value="http://ritikarawlani.github.io/smart-outbreak-measles/LocType"/>
            <code value="1"/>
            <display value="Spontaneous Consultation"/>
          </contains>
          <contains>
            <system value="http://ritikarawlani.github.io/smart-outbreak-measles/LocType"/>
            <code value="2"/>
            <display value="Laboratory"/>
          </contains>
          <contains>
            <system value="http://ritikarawlani.github.io/smart-outbreak-measles/LocType"/>
            <code value="3"/>
            <display value="Institutional Search"/>
          </contains>
          <contains>
            <system value="http://ritikarawlani.github.io/smart-outbreak-measles/LocType"/>
            <code value="4"/>
            <display value="Community Case Search"/>
          </contains>
          <contains>
            <system value="http://ritikarawlani.github.io/smart-outbreak-measles/LocType"/>
            <code value="5"/>
            <display value="Contact Investigation"/>
          </contains>
          <contains>
            <system value="http://ritikarawlani.github.io/smart-outbreak-measles/LocType"/>
            <code value="6"/>
            <display value="Community Report"/>
          </contains>
          <contains>
            <system value="http://ritikarawlani.github.io/smart-outbreak-measles/LocType"/>
            <code value="88"/>
            <display value="Other"/>
          </contains>
          <contains>
            <system value="http://ritikarawlani.github.io/smart-outbreak-measles/LocType"/>
            <code value="99"/>
            <display value="Unknown"/>
          </contains>
        </expansion>
      </ValueSet>
    </resource>
  </entry>
  <entry>
    <fullUrl value="http://ritikarawlani.github.io/smart-outbreak-measles/ValueSet/DomesticatedWild"/>
    <resource>
      <ValueSet>
        <text>
          <status value="generated"/>
          <div xmlns="http://www.w3.org/1999/xhtml">
            <p>This value set contains 3 concepts</p>
            <p style="border: black 1px dotted; background-color: #EEEEEE; padding: 8px; margin-bottom: 8px">Expansion based on 
              <a href="CodeSystem-DomesticatedWildCs.html">Domesticated or Wild v0.2.1 (CodeSystem)</a>
            </p>
            <table class="codes">
              <tr>
                <td style="white-space:nowrap">
                  <b>Code</b>
                </td>
                <td>
                  <b>System</b>
                </td>
                <td>
                  <b>Display</b>
                </td>
              </tr>
              <tr>
                <td style="white-space:nowrap">
                  <a name="http---ritikarawlani.github.io-smart-outbreak-measles-DomesticatedWild-Domestic"> </a>  
                  <a href="CodeSystem-DomesticatedWildCs.html#DomesticatedWildCs-Domestic">Domestic</a>
                </td>
                <td>http://ritikarawlani.github.io/smart-outbreak-measles/DomesticatedWild</td>
                <td>Domestic</td>
              </tr>
              <tr>
                <td style="white-space:nowrap">
                  <a name="http---ritikarawlani.github.io-smart-outbreak-measles-DomesticatedWild-Wild"> </a>  
                  <a href="CodeSystem-DomesticatedWildCs.html#DomesticatedWildCs-Wild">Wild</a>
                </td>
                <td>http://ritikarawlani.github.io/smart-outbreak-measles/DomesticatedWild</td>
                <td>Wild</td>
              </tr>
              <tr>
                <td style="white-space:nowrap">
                  <a name="http---ritikarawlani.github.io-smart-outbreak-measles-DomesticatedWild-Pest"> </a>  
                  <a href="CodeSystem-DomesticatedWildCs.html#DomesticatedWildCs-Pest">Pest</a>
                </td>
                <td>http://ritikarawlani.github.io/smart-outbreak-measles/DomesticatedWild</td>
                <td>Pest</td>
              </tr>
            </table>
          </div>
        </text>
        <url value="http://ritikarawlani.github.io/smart-outbreak-measles/ValueSet/DomesticatedWild"/>
        <version value="0.2.1"/>
        <name value="DomesticatedWild"/>
        <title value="Domesticated or Wild"/>
        <status value="draft"/>
        <date value="2023-06-13T18:28:07+00:00"/>
        <jurisdiction>
          <coding>
            <system value="http://unstats.un.org/unsd/methods/m49/m49.htm"/>
            <code value="001"/>
          </coding>
        </jurisdiction>
        <expansion>
          <identifier value="urn:uuid:b7c118a0-7518-43b7-b7b8-4d6c436c5873"/>
          <timestamp value="2023-06-13T18:28:49+00:00"/>
          <total value="3"/>
          <parameter>
            <name value="excludeNested"/>
            <valueBoolean value="false"/>
          </parameter>
          <parameter>
            <name value="version"/>
            <valueUri value="http://ritikarawlani.github.io/smart-outbreak-measles/DomesticatedWild|0.2.1"/>
          </parameter>
          <contains>
            <system value="http://ritikarawlani.github.io/smart-outbreak-measles/DomesticatedWild"/>
            <code value="Domestic"/>
            <display value="Domestic"/>
          </contains>
          <contains>
            <system value="http://ritikarawlani.github.io/smart-outbreak-measles/DomesticatedWild"/>
            <code value="Wild"/>
            <display value="Wild"/>
          </contains>
          <contains>
            <system value="http://ritikarawlani.github.io/smart-outbreak-measles/DomesticatedWild"/>
            <code value="Pest"/>
            <display value="Pest"/>
          </contains>
        </expansion>
      </ValueSet>
    </resource>
  </entry>
  <entry>
    <fullUrl value="http://ritikarawlani.github.io/smart-outbreak-measles/ValueSet/YesNoUnknown"/>
    <resource>
      <ValueSet>
        <text>
          <status value="generated"/>
          <div xmlns="http://www.w3.org/1999/xhtml">
            <p>This value set contains 3 concepts</p>
            <p style="border: black 1px dotted; background-color: #EEEEEE; padding: 8px; margin-bottom: 8px">Expansion based on 
              <a href="CodeSystem-YesNoUnknownCs.html">Yes No Unknown v0.2.1 (CodeSystem)</a>
            </p>
            <table class="codes">
              <tr>
                <td style="white-space:nowrap">
                  <b>Code</b>
                </td>
                <td>
                  <b>System</b>
                </td>
                <td>
                  <b>Display</b>
                </td>
              </tr>
              <tr>
                <td style="white-space:nowrap">
                  <a name="http---ritikarawlani.github.io-smart-outbreak-measles-YesNoUnknown-Yes"> </a>  
                  <a href="CodeSystem-YesNoUnknownCs.html#YesNoUnknownCs-Yes">Yes</a>
                </td>
                <td>http://ritikarawlani.github.io/smart-outbreak-measles/YesNoUnknown</td>
                <td>Yes</td>
              </tr>
              <tr>
                <td style="white-space:nowrap">
                  <a name="http---ritikarawlani.github.io-smart-outbreak-measles-YesNoUnknown-No"> </a>  
                  <a href="CodeSystem-YesNoUnknownCs.html#YesNoUnknownCs-No">No</a>
                </td>
                <td>http://ritikarawlani.github.io/smart-outbreak-measles/YesNoUnknown</td>
                <td>No</td>
              </tr>
              <tr>
                <td style="white-space:nowrap">
                  <a name="http---ritikarawlani.github.io-smart-outbreak-measles-YesNoUnknown-Unknown"> </a>  
                  <a href="CodeSystem-YesNoUnknownCs.html#YesNoUnknownCs-Unknown">Unknown</a>
                </td>
                <td>http://ritikarawlani.github.io/smart-outbreak-measles/YesNoUnknown</td>
                <td>Unknown</td>
              </tr>
            </table>
          </div>
        </text>
        <url value="http://ritikarawlani.github.io/smart-outbreak-measles/ValueSet/YesNoUnknown"/>
        <version value="0.2.1"/>
        <name value="YesNoUnknown"/>
        <title value="Yes No Unknown"/>
        <status value="draft"/>
        <date value="2023-06-13T18:28:07+00:00"/>
        <jurisdiction>
          <coding>
            <system value="http://unstats.un.org/unsd/methods/m49/m49.htm"/>
            <code value="001"/>
          </coding>
        </jurisdiction>
        <expansion>
          <identifier value="urn:uuid:d9eed73f-b3f1-4a27-b620-ea21bb98464b"/>
          <timestamp value="2023-06-13T18:28:49+00:00"/>
          <total value="3"/>
          <parameter>
            <name value="excludeNested"/>
            <valueBoolean value="false"/>
          </parameter>
          <parameter>
            <name value="version"/>
            <valueUri value="http://ritikarawlani.github.io/smart-outbreak-measles/YesNoUnknown|0.2.1"/>
          </parameter>
          <contains>
            <system value="http://ritikarawlani.github.io/smart-outbreak-measles/YesNoUnknown"/>
            <code value="Yes"/>
            <display value="Yes"/>
          </contains>
          <contains>
            <system value="http://ritikarawlani.github.io/smart-outbreak-measles/YesNoUnknown"/>
            <code value="No"/>
            <display value="No"/>
          </contains>
          <contains>
            <system value="http://ritikarawlani.github.io/smart-outbreak-measles/YesNoUnknown"/>
            <code value="Unknown"/>
            <display value="Unknown"/>
          </contains>
        </expansion>
      </ValueSet>
    </resource>
  </entry>
  <entry>
    <fullUrl value="http://ritikarawlani.github.io/smart-outbreak-measles/ValueSet/Results"/>
    <resource>
      <ValueSet>
        <text>
          <status value="generated"/>
          <div xmlns="http://www.w3.org/1999/xhtml">
            <p>This value set contains 3 concepts</p>
            <p style="border: black 1px dotted; background-color: #EEEEEE; padding: 8px; margin-bottom: 8px">Expansion based on 
              <a href="CodeSystem-ResultsCs.html">Results v0.2.1 (CodeSystem)</a>
            </p>
            <table class="codes">
              <tr>
                <td style="white-space:nowrap">
                  <b>Code</b>
                </td>
                <td>
                  <b>System</b>
                </td>
                <td>
                  <b>Display</b>
                </td>
              </tr>
              <tr>
                <td style="white-space:nowrap">
                  <a name="http---ritikarawlani.github.io-smart-outbreak-measles-Results-Positive"> </a>  
                  <a href="CodeSystem-ResultsCs.html#ResultsCs-Positive">Positive</a>
                </td>
                <td>http://ritikarawlani.github.io/smart-outbreak-measles/Results</td>
                <td>Positive</td>
              </tr>
              <tr>
                <td style="white-space:nowrap">
                  <a name="http---ritikarawlani.github.io-smart-outbreak-measles-Results-Negative"> </a>  
                  <a href="CodeSystem-ResultsCs.html#ResultsCs-Negative">Negative</a>
                </td>
                <td>http://ritikarawlani.github.io/smart-outbreak-measles/Results</td>
                <td>Negative</td>
              </tr>
              <tr>
                <td style="white-space:nowrap">
                  <a name="http---ritikarawlani.github.io-smart-outbreak-measles-Results-PendingUnknown"> </a>  
                  <a href="CodeSystem-ResultsCs.html#ResultsCs-PendingUnknown">PendingUnknown</a>
                </td>
                <td>http://ritikarawlani.github.io/smart-outbreak-measles/Results</td>
                <td>Still pending/ Unknown</td>
              </tr>
            </table>
          </div>
        </text>
        <url value="http://ritikarawlani.github.io/smart-outbreak-measles/ValueSet/Results"/>
        <version value="0.2.1"/>
        <name value="Results"/>
        <title value="Results"/>
        <status value="draft"/>
        <date value="2023-06-13T18:28:07+00:00"/>
        <jurisdiction>
          <coding>
            <system value="http://unstats.un.org/unsd/methods/m49/m49.htm"/>
            <code value="001"/>
          </coding>
        </jurisdiction>
        <expansion>
          <identifier value="urn:uuid:2a13ef10-795e-4b9e-ab6b-982e2d68240f"/>
          <timestamp value="2023-06-13T18:28:52+00:00"/>
          <total value="3"/>
          <parameter>
            <name value="excludeNested"/>
            <valueBoolean value="false"/>
          </parameter>
          <parameter>
            <name value="version"/>
            <valueUri value="http://ritikarawlani.github.io/smart-outbreak-measles/Results|0.2.1"/>
          </parameter>
          <contains>
            <system value="http://ritikarawlani.github.io/smart-outbreak-measles/Results"/>
            <code value="Positive"/>
            <display value="Positive"/>
          </contains>
          <contains>
            <system value="http://ritikarawlani.github.io/smart-outbreak-measles/Results"/>
            <code value="Negative"/>
            <display value="Negative"/>
          </contains>
          <contains>
            <system value="http://ritikarawlani.github.io/smart-outbreak-measles/Results"/>
            <code value="PendingUnknown"/>
            <display value="Still pending/ Unknown"/>
          </contains>
        </expansion>
      </ValueSet>
    </resource>
  </entry>
  <entry>
    <fullUrl value="http://ritikarawlani.github.io/smart-outbreak-measles/ValueSet/InitDiag"/>
    <resource>
      <ValueSet>
        <id value="InitDiag"/>
        <text>
          <status value="generated"/>
          <div xmlns="http://www.w3.org/1999/xhtml">
            <p>This value set contains 6 concepts</p>
            <p style="border: black 1px dotted; background-color: #EEEEEE; padding: 8px; margin-bottom: 8px">Expansion based on 
              <a href="CodeSystem-InitDiagCs.html">Initial Diagnosis Code System v0.2.1 (CodeSystem)</a>
            </p>
            <table class="codes">
              <tr>
                <td style="white-space:nowrap">
                  <b>Code</b>
                </td>
                <td>
                  <b>System</b>
                </td>
                <td>
                  <b>Display</b>
                </td>
              </tr>
              <tr>
                <td style="white-space:nowrap">
                  <a name="http---ritikarawlani.github.io-smart-outbreak-measles-InitDiag-1"> </a>  
                  <a href="CodeSystem-InitDiagCs.html#InitDiagCs-1">1</a>
                </td>
                <td>http://ritikarawlani.github.io/smart-outbreak-measles/InitDiag</td>
                <td>Measles</td>
              </tr>
              <tr>
                <td style="white-space:nowrap">
                  <a name="http---ritikarawlani.github.io-smart-outbreak-measles-InitDiag-2"> </a>  
                  <a href="CodeSystem-InitDiagCs.html#InitDiagCs-2">2</a>
                </td>
                <td>http://ritikarawlani.github.io/smart-outbreak-measles/InitDiag</td>
                <td>Rubella</td>
              </tr>
              <tr>
                <td style="white-space:nowrap">
                  <a name="http---ritikarawlani.github.io-smart-outbreak-measles-InitDiag-3"> </a>  
                  <a href="CodeSystem-InitDiagCs.html#InitDiagCs-3">3</a>
                </td>
                <td>http://ritikarawlani.github.io/smart-outbreak-measles/InitDiag</td>
                <td>Dengue</td>
              </tr>
              <tr>
                <td style="white-space:nowrap">
                  <a name="http---ritikarawlani.github.io-smart-outbreak-measles-InitDiag-4"> </a>  
                  <a href="CodeSystem-InitDiagCs.html#InitDiagCs-4">4</a>
                </td>
                <td>http://ritikarawlani.github.io/smart-outbreak-measles/InitDiag</td>
                <td>Other Rash illness</td>
              </tr>
              <tr>
                <td style="white-space:nowrap">
                  <a name="http---ritikarawlani.github.io-smart-outbreak-measles-InitDiag-8"> </a>  
                  <a href="CodeSystem-InitDiagCs.html#InitDiagCs-8">8</a>
                </td>
                <td>http://ritikarawlani.github.io/smart-outbreak-measles/InitDiag</td>
                <td>Other Non-Rash illness</td>
              </tr>
              <tr>
                <td style="white-space:nowrap">
                  <a name="http---ritikarawlani.github.io-smart-outbreak-measles-InitDiag-99"> </a>  
                  <a href="CodeSystem-InitDiagCs.html#InitDiagCs-99">99</a>
                </td>
                <td>http://ritikarawlani.github.io/smart-outbreak-measles/InitDiag</td>
                <td>Unknown</td>
              </tr>
            </table>
          </div>
        </text>
        <url value="http://ritikarawlani.github.io/smart-outbreak-measles/ValueSet/InitDiag"/>
        <version value="0.2.1"/>
        <name value="InitDiag"/>
        <title value="SOT Measles Initial Diagnosis"/>
        <status value="draft"/>
        <expansion>
          <identifier value="urn:uuid:c060c134-871f-43be-b1ee-5dfface2c18f"/>
          <timestamp value="2023-05-02T20:23:35+05:30"/>
          <total value="6"/>
          <parameter>
            <name value="excludeNested"/>
            <valueBoolean value="false"/>
          </parameter>
          <parameter>
            <name value="version"/>
            <valueUri value="http://ritikarawlani.github.io/smart-outbreak-measles/InitDiag|0.2.1"/>
          </parameter>
          <contains>
            <system value="http://ritikarawlani.github.io/smart-outbreak-measles/InitDiag"/>
            <code value="1"/>
            <display value="Measles"/>
          </contains>
          <contains>
            <system value="http://ritikarawlani.github.io/smart-outbreak-measles/InitDiag"/>
            <code value="2"/>
            <display value="Rubella"/>
          </contains>
          <contains>
            <system value="http://ritikarawlani.github.io/smart-outbreak-measles/InitDiag"/>
            <code value="3"/>
            <display value="Dengue"/>
          </contains>
          <contains>
            <system value="http://ritikarawlani.github.io/smart-outbreak-measles/InitDiag"/>
            <code value="4"/>
            <display value="Other Rash illness"/>
          </contains>
          <contains>
            <system value="http://ritikarawlani.github.io/smart-outbreak-measles/InitDiag"/>
            <code value="8"/>
            <display value="Other Non-Rash illness"/>
          </contains>
          <contains>
            <system value="http://ritikarawlani.github.io/smart-outbreak-measles/InitDiag"/>
            <code value="99"/>
            <display value="Unknown"/>
          </contains>
        </expansion>
      </ValueSet>
    </resource>
  </entry>
  <entry>
    <fullUrl value="http://ritikarawlani.github.io/smart-outbreak-measles/ValueSet/LocalizationOfSkinDisorder"/>
    <resource>
      <ValueSet>
        <text>
          <status value="generated"/>
          <div xmlns="http://www.w3.org/1999/xhtml">
            <p>This value set contains 2 concepts</p>
            <p style="border: black 1px dotted; background-color: #EEEEEE; padding: 8px; margin-bottom: 8px">Expansion based on 
              <a href="CodeSystem-LocalizationOfSkinDisorderCs.html">Localization of Skin Disorder v0.2.1 (CodeSystem)</a>
            </p>
            <table class="codes">
              <tr>
                <td style="white-space:nowrap">
                  <b>Code</b>
                </td>
                <td>
                  <b>System</b>
                </td>
                <td>
                  <b>Display</b>
                </td>
              </tr>
              <tr>
                <td style="white-space:nowrap">
                  <a name="http---ritikarawlani.github.io-smart-outbreak-measles-LocalizationOfSkinDisorder-Systemic"> </a>  
                  <a href="CodeSystem-LocalizationOfSkinDisorderCs.html#LocalizationOfSkinDisorderCs-Systemic">Systemic</a>
                </td>
                <td>http://ritikarawlani.github.io/smart-outbreak-measles/LocalizationOfSkinDisorder</td>
                <td>Systemic</td>
              </tr>
              <tr>
                <td style="white-space:nowrap">
                  <a name="http---ritikarawlani.github.io-smart-outbreak-measles-LocalizationOfSkinDisorder-Localized"> </a>  
                  <a href="CodeSystem-LocalizationOfSkinDisorderCs.html#LocalizationOfSkinDisorderCs-Localized">Localized</a>
                </td>
                <td>http://ritikarawlani.github.io/smart-outbreak-measles/LocalizationOfSkinDisorder</td>
                <td>Localized</td>
              </tr>
            </table>
          </div>
        </text>
        <url value="http://ritikarawlani.github.io/smart-outbreak-measles/ValueSet/LocalizationOfSkinDisorder"/>
        <version value="0.2.1"/>
        <name value="LocalizationOfSkinDisorder"/>
        <title value="Localization of Skin Disorder"/>
        <status value="draft"/>
        <date value="2023-06-13T18:28:07+00:00"/>
        <jurisdiction>
          <coding>
            <system value="http://unstats.un.org/unsd/methods/m49/m49.htm"/>
            <code value="001"/>
          </coding>
        </jurisdiction>
        <expansion>
          <identifier value="urn:uuid:27c7c106-8e5f-41c4-94fb-56705d85572c"/>
          <timestamp value="2023-06-13T18:28:52+00:00"/>
          <total value="2"/>
          <parameter>
            <name value="excludeNested"/>
            <valueBoolean value="false"/>
          </parameter>
          <parameter>
            <name value="version"/>
            <valueUri value="http://ritikarawlani.github.io/smart-outbreak-measles/LocalizationOfSkinDisorder|0.2.1"/>
          </parameter>
          <contains>
            <system value="http://ritikarawlani.github.io/smart-outbreak-measles/LocalizationOfSkinDisorder"/>
            <code value="Systemic"/>
            <display value="Systemic"/>
          </contains>
          <contains>
            <system value="http://ritikarawlani.github.io/smart-outbreak-measles/LocalizationOfSkinDisorder"/>
            <code value="Localized"/>
            <display value="Localized"/>
          </contains>
        </expansion>
      </ValueSet>
    </resource>
  </entry>
  <entry>
    <fullUrl value="http://ritikarawlani.github.io/smart-outbreak-measles/ValueSet/VaccineInfoSource"/>
    <resource>
      <ValueSet>
        <text>
          <status value="generated"/>
          <div xmlns="http://www.w3.org/1999/xhtml">
            <p>This value set contains 3 concepts</p>
            <p style="border: black 1px dotted; background-color: #EEEEEE; padding: 8px; margin-bottom: 8px">Expansion based on 
              <a href="CodeSystem-VaccineInfoSourceCs.html">Vaccine Info Source v0.2.1 (CodeSystem)</a>
            </p>
            <table class="codes">
              <tr>
                <td style="white-space:nowrap">
                  <b>Code</b>
                </td>
                <td>
                  <b>System</b>
                </td>
                <td>
                  <b>Display</b>
                </td>
              </tr>
              <tr>
                <td style="white-space:nowrap">
                  <a name="http---ritikarawlani.github.io-smart-outbreak-measles-VaccineInfoSource-VaccinationCard"> </a>  
                  <a href="CodeSystem-VaccineInfoSourceCs.html#VaccineInfoSourceCs-VaccinationCard">VaccinationCard</a>
                </td>
                <td>http://ritikarawlani.github.io/smart-outbreak-measles/VaccineInfoSource</td>
                <td>Vaccination Card</td>
              </tr>
              <tr>
                <td style="white-space:nowrap">
                  <a name="http---ritikarawlani.github.io-smart-outbreak-measles-VaccineInfoSource-HealthServices"> </a>  
                  <a href="CodeSystem-VaccineInfoSourceCs.html#VaccineInfoSourceCs-HealthServices">HealthServices</a>
                </td>
                <td>http://ritikarawlani.github.io/smart-outbreak-measles/VaccineInfoSource</td>
                <td>Health Services</td>
              </tr>
              <tr>
                <td style="white-space:nowrap">
                  <a name="http---ritikarawlani.github.io-smart-outbreak-measles-VaccineInfoSource-ParentsOrOtherAdult"> </a>  
                  <a href="CodeSystem-VaccineInfoSourceCs.html#VaccineInfoSourceCs-ParentsOrOtherAdult">ParentsOrOtherAdult</a>
                </td>
                <td>http://ritikarawlani.github.io/smart-outbreak-measles/VaccineInfoSource</td>
                <td>Parents or another adult</td>
              </tr>
            </table>
          </div>
        </text>
        <url value="http://ritikarawlani.github.io/smart-outbreak-measles/ValueSet/VaccineInfoSource"/>
        <version value="0.2.1"/>
        <name value="VaccineInfoSource"/>
        <title value="Vaccine Info Source"/>
        <status value="draft"/>
        <date value="2023-06-13T18:28:07+00:00"/>
        <jurisdiction>
          <coding>
            <system value="http://unstats.un.org/unsd/methods/m49/m49.htm"/>
            <code value="001"/>
          </coding>
        </jurisdiction>
        <expansion>
          <identifier value="urn:uuid:010ece90-e90b-425f-b694-eac53c8c599e"/>
          <timestamp value="2023-06-13T18:28:53+00:00"/>
          <total value="3"/>
          <parameter>
            <name value="excludeNested"/>
            <valueBoolean value="false"/>
          </parameter>
          <parameter>
            <name value="version"/>
            <valueUri value="http://ritikarawlani.github.io/smart-outbreak-measles/VaccineInfoSource|0.2.1"/>
          </parameter>
          <contains>
            <system value="http://ritikarawlani.github.io/smart-outbreak-measles/VaccineInfoSource"/>
            <code value="VaccinationCard"/>
            <display value="Vaccination Card"/>
          </contains>
          <contains>
            <system value="http://ritikarawlani.github.io/smart-outbreak-measles/VaccineInfoSource"/>
            <code value="HealthServices"/>
            <display value="Health Services"/>
          </contains>
          <contains>
            <system value="http://ritikarawlani.github.io/smart-outbreak-measles/VaccineInfoSource"/>
            <code value="ParentsOrOtherAdult"/>
            <display value="Parents or another adult"/>
          </contains>
        </expansion>
      </ValueSet>
    </resource>
  </entry>
  <entry>
    <fullUrl value="http://ritikarawlani.github.io/smart-outbreak-measles/ValueSet/RashType"/>
    <resource>
      <ValueSet>
        <text>
          <status value="generated"/>
          <div xmlns="http://www.w3.org/1999/xhtml">
            <p>This value set contains 5 concepts</p>
            <p style="border: black 1px dotted; background-color: #EEEEEE; padding: 8px; margin-bottom: 8px">Expansion based on 
              <a href="CodeSystem-RashTypeCs.html">Rash Type v0.2.1 (CodeSystem)</a>
            </p>
            <table class="codes">
              <tr>
                <td style="white-space:nowrap">
                  <b>Code</b>
                </td>
                <td>
                  <b>System</b>
                </td>
                <td>
                  <b>Display</b>
                </td>
              </tr>
              <tr>
                <td style="white-space:nowrap">
                  <a name="http---ritikarawlani.github.io-smart-outbreak-measles-RashType-Haemorrhagic"> </a>  
                  <a href="CodeSystem-RashTypeCs.html#RashTypeCs-Haemorrhagic">Haemorrhagic</a>
                </td>
                <td>http://ritikarawlani.github.io/smart-outbreak-measles/RashType</td>
                <td>Haemorrhagic</td>
              </tr>
              <tr>
                <td style="white-space:nowrap">
                  <a name="http---ritikarawlani.github.io-smart-outbreak-measles-RashType-Erythematous"> </a>  
                  <a href="CodeSystem-RashTypeCs.html#RashTypeCs-Erythematous">Erythematous</a>
                </td>
                <td>http://ritikarawlani.github.io/smart-outbreak-measles/RashType</td>
                <td>Erythematous</td>
              </tr>
              <tr>
                <td style="white-space:nowrap">
                  <a name="http---ritikarawlani.github.io-smart-outbreak-measles-RashType-Vesicular-pustular"> </a>  
                  <a href="CodeSystem-RashTypeCs.html#RashTypeCs-Vesicular-pustular">Vesicular-pustular</a>
                </td>
                <td>http://ritikarawlani.github.io/smart-outbreak-measles/RashType</td>
                <td>Vesicular-pustular</td>
              </tr>
              <tr>
                <td style="white-space:nowrap">
                  <a name="http---ritikarawlani.github.io-smart-outbreak-measles-RashType-Petechial-purpuric"> </a>  
                  <a href="CodeSystem-RashTypeCs.html#RashTypeCs-Petechial-purpuric">Petechial-purpuric</a>
                </td>
                <td>http://ritikarawlani.github.io/smart-outbreak-measles/RashType</td>
                <td>Petechial-purpuric</td>
              </tr>
              <tr>
                <td style="white-space:nowrap">
                  <a name="http---ritikarawlani.github.io-smart-outbreak-measles-RashType-Other"> </a>  
                  <a href="CodeSystem-RashTypeCs.html#RashTypeCs-Other">Other</a>
                </td>
                <td>http://ritikarawlani.github.io/smart-outbreak-measles/RashType</td>
                <td>Other</td>
              </tr>
            </table>
          </div>
        </text>
        <url value="http://ritikarawlani.github.io/smart-outbreak-measles/ValueSet/RashType"/>
        <version value="0.2.1"/>
        <name value="RashType"/>
        <title value="Rash Type"/>
        <status value="draft"/>
        <date value="2023-06-13T18:28:07+00:00"/>
        <jurisdiction>
          <coding>
            <system value="http://unstats.un.org/unsd/methods/m49/m49.htm"/>
            <code value="001"/>
          </coding>
        </jurisdiction>
        <expansion>
          <identifier value="urn:uuid:040f0d79-3409-4aa1-9e58-ce623b972e2e"/>
          <timestamp value="2023-06-13T18:28:53+00:00"/>
          <total value="5"/>
          <parameter>
            <name value="excludeNested"/>
            <valueBoolean value="false"/>
          </parameter>
          <parameter>
            <name value="version"/>
            <valueUri value="http://ritikarawlani.github.io/smart-outbreak-measles/RashType|0.2.1"/>
          </parameter>
          <contains>
            <system value="http://ritikarawlani.github.io/smart-outbreak-measles/RashType"/>
            <code value="Haemorrhagic"/>
            <display value="Haemorrhagic"/>
          </contains>
          <contains>
            <system value="http://ritikarawlani.github.io/smart-outbreak-measles/RashType"/>
            <code value="Erythematous"/>
            <display value="Erythematous"/>
          </contains>
          <contains>
            <system value="http://ritikarawlani.github.io/smart-outbreak-measles/RashType"/>
            <code value="Vesicular-pustular"/>
            <display value="Vesicular-pustular"/>
          </contains>
          <contains>
            <system value="http://ritikarawlani.github.io/smart-outbreak-measles/RashType"/>
            <code value="Petechial-purpuric"/>
            <display value="Petechial-purpuric"/>
          </contains>
          <contains>
            <system value="http://ritikarawlani.github.io/smart-outbreak-measles/RashType"/>
            <code value="Other"/>
            <display value="Other"/>
          </contains>
        </expansion>
      </ValueSet>
    </resource>
  </entry>
  <entry>
    <fullUrl value="http://ritikarawlani.github.io/smart-outbreak-measles/ValueSet/RouteOfAdministration"/>
    <resource>
      <ValueSet>
        <text>
          <status value="generated"/>
          <div xmlns="http://www.w3.org/1999/xhtml">
            <p>This value set contains 3 concepts</p>
            <p style="border: black 1px dotted; background-color: #EEEEEE; padding: 8px; margin-bottom: 8px">Expansion based on 
              <a href="CodeSystem-RouteOfAdministrationCs.html">Route Of Administration v0.2.1 (CodeSystem)</a>
            </p>
            <table class="codes">
              <tr>
                <td style="white-space:nowrap">
                  <b>Code</b>
                </td>
                <td>
                  <b>System</b>
                </td>
                <td>
                  <b>Display</b>
                </td>
              </tr>
              <tr>
                <td style="white-space:nowrap">
                  <a name="http---ritikarawlani.github.io-smart-outbreak-measles-RouteOfAdministration-IV"> </a>  
                  <a href="CodeSystem-RouteOfAdministrationCs.html#RouteOfAdministrationCs-IV">IV</a>
                </td>
                <td>http://ritikarawlani.github.io/smart-outbreak-measles/RouteOfAdministration</td>
                <td>Intravenous</td>
              </tr>
              <tr>
                <td style="white-space:nowrap">
                  <a name="http---ritikarawlani.github.io-smart-outbreak-measles-RouteOfAdministration-IM"> </a>  
                  <a href="CodeSystem-RouteOfAdministrationCs.html#RouteOfAdministrationCs-IM">IM</a>
                </td>
                <td>http://ritikarawlani.github.io/smart-outbreak-measles/RouteOfAdministration</td>
                <td>Intramuscular</td>
              </tr>
              <tr>
                <td style="white-space:nowrap">
                  <a name="http---ritikarawlani.github.io-smart-outbreak-measles-RouteOfAdministration-Oral"> </a>  
                  <a href="CodeSystem-RouteOfAdministrationCs.html#RouteOfAdministrationCs-Oral">Oral</a>
                </td>
                <td>http://ritikarawlani.github.io/smart-outbreak-measles/RouteOfAdministration</td>
                <td>Oral</td>
              </tr>
            </table>
          </div>
        </text>
        <url value="http://ritikarawlani.github.io/smart-outbreak-measles/ValueSet/RouteOfAdministration"/>
        <version value="0.2.1"/>
        <name value="RouteOfAdministration"/>
        <title value="Route Of Administration"/>
        <status value="draft"/>
        <date value="2023-06-13T18:28:07+00:00"/>
        <jurisdiction>
          <coding>
            <system value="http://unstats.un.org/unsd/methods/m49/m49.htm"/>
            <code value="001"/>
          </coding>
        </jurisdiction>
        <expansion>
          <identifier value="urn:uuid:bca6892c-5c4c-4ef8-b7d4-ddee580c0263"/>
          <timestamp value="2023-06-13T18:28:53+00:00"/>
          <total value="3"/>
          <parameter>
            <name value="excludeNested"/>
            <valueBoolean value="false"/>
          </parameter>
          <parameter>
            <name value="version"/>
            <valueUri value="http://ritikarawlani.github.io/smart-outbreak-measles/RouteOfAdministration|0.2.1"/>
          </parameter>
          <contains>
            <system value="http://ritikarawlani.github.io/smart-outbreak-measles/RouteOfAdministration"/>
            <code value="IV"/>
            <display value="Intravenous"/>
          </contains>
          <contains>
            <system value="http://ritikarawlani.github.io/smart-outbreak-measles/RouteOfAdministration"/>
            <code value="IM"/>
            <display value="Intramuscular"/>
          </contains>
          <contains>
            <system value="http://ritikarawlani.github.io/smart-outbreak-measles/RouteOfAdministration"/>
            <code value="Oral"/>
            <display value="Oral"/>
          </contains>
        </expansion>
      </ValueSet>
    </resource>
  </entry>
  <entry>
    <fullUrl value="http://ritikarawlani.github.io/smart-outbreak-measles/ValueSet/DetectedBy"/>
    <resource>
      <ValueSet>
        <text>
          <status value="generated"/>
          <div xmlns="http://www.w3.org/1999/xhtml">
            <p>This value set contains 8 concepts</p>
            <p style="border: black 1px dotted; background-color: #EEEEEE; padding: 8px; margin-bottom: 8px">Expansion based on 
              <a href="CodeSystem-DetectedByCs.html">Detected By Code System v0.2.1 (CodeSystem)</a>
            </p>
            <table class="codes">
              <tr>
                <td style="white-space:nowrap">
                  <b>Code</b>
                </td>
                <td>
                  <b>System</b>
                </td>
                <td>
                  <b>Display</b>
                </td>
              </tr>
              <tr>
                <td style="white-space:nowrap">
                  <a name="http---ritikarawlani.github.io-smart-outbreak-measles-DetectedBy-1"> </a>  
                  <a href="CodeSystem-DetectedByCs.html#DetectedByCs-1">1</a>
                </td>
                <td>http://ritikarawlani.github.io/smart-outbreak-measles/DetectedBy</td>
                <td>Spontaneous Consultation</td>
              </tr>
              <tr>
                <td style="white-space:nowrap">
                  <a name="http---ritikarawlani.github.io-smart-outbreak-measles-DetectedBy-2"> </a>  
                  <a href="CodeSystem-DetectedByCs.html#DetectedByCs-2">2</a>
                </td>
                <td>http://ritikarawlani.github.io/smart-outbreak-measles/DetectedBy</td>
                <td>Laboratory</td>
              </tr>
              <tr>
                <td style="white-space:nowrap">
                  <a name="http---ritikarawlani.github.io-smart-outbreak-measles-DetectedBy-3"> </a>  
                  <a href="CodeSystem-DetectedByCs.html#DetectedByCs-3">3</a>
                </td>
                <td>http://ritikarawlani.github.io/smart-outbreak-measles/DetectedBy</td>
                <td>Institutional Search</td>
              </tr>
              <tr>
                <td style="white-space:nowrap">
                  <a name="http---ritikarawlani.github.io-smart-outbreak-measles-DetectedBy-4"> </a>  
                  <a href="CodeSystem-DetectedByCs.html#DetectedByCs-4">4</a>
                </td>
                <td>http://ritikarawlani.github.io/smart-outbreak-measles/DetectedBy</td>
                <td>Community Case Search</td>
              </tr>
              <tr>
                <td style="white-space:nowrap">
                  <a name="http---ritikarawlani.github.io-smart-outbreak-measles-DetectedBy-5"> </a>  
                  <a href="CodeSystem-DetectedByCs.html#DetectedByCs-5">5</a>
                </td>
                <td>http://ritikarawlani.github.io/smart-outbreak-measles/DetectedBy</td>
                <td>Contact Investigation</td>
              </tr>
              <tr>
                <td style="white-space:nowrap">
                  <a name="http---ritikarawlani.github.io-smart-outbreak-measles-DetectedBy-6"> </a>  
                  <a href="CodeSystem-DetectedByCs.html#DetectedByCs-6">6</a>
                </td>
                <td>http://ritikarawlani.github.io/smart-outbreak-measles/DetectedBy</td>
                <td>Community Report</td>
              </tr>
              <tr>
                <td style="white-space:nowrap">
                  <a name="http---ritikarawlani.github.io-smart-outbreak-measles-DetectedBy-88"> </a>  
                  <a href="CodeSystem-DetectedByCs.html#DetectedByCs-88">88</a>
                </td>
                <td>http://ritikarawlani.github.io/smart-outbreak-measles/DetectedBy</td>
                <td>Other</td>
              </tr>
              <tr>
                <td style="white-space:nowrap">
                  <a name="http---ritikarawlani.github.io-smart-outbreak-measles-DetectedBy-99"> </a>  
                  <a href="CodeSystem-DetectedByCs.html#DetectedByCs-99">99</a>
                </td>
                <td>http://ritikarawlani.github.io/smart-outbreak-measles/DetectedBy</td>
                <td>Unknown</td>
              </tr>
            </table>
          </div>
        </text>
        <url value="http://ritikarawlani.github.io/smart-outbreak-measles/ValueSet/DetectedBy"/>
        <version value="0.2.1"/>
        <name value="DetectedBy"/>
        <title value="SOT Measles Detected By"/>
        <status value="draft"/>
        <date value="2023-06-13T18:28:07+00:00"/>
        <jurisdiction>
          <coding>
            <system value="http://unstats.un.org/unsd/methods/m49/m49.htm"/>
            <code value="001"/>
          </coding>
        </jurisdiction>
        <expansion>
          <identifier value="urn:uuid:5975fe9c-07fd-4fe2-ae7d-87897b7611f2"/>
          <timestamp value="2023-06-13T18:28:53+00:00"/>
          <total value="8"/>
          <parameter>
            <name value="excludeNested"/>
            <valueBoolean value="false"/>
          </parameter>
          <parameter>
            <name value="version"/>
            <valueUri value="http://ritikarawlani.github.io/smart-outbreak-measles/DetectedBy|0.2.1"/>
          </parameter>
          <contains>
            <system value="http://ritikarawlani.github.io/smart-outbreak-measles/DetectedBy"/>
            <code value="1"/>
            <display value="Spontaneous Consultation"/>
          </contains>
          <contains>
            <system value="http://ritikarawlani.github.io/smart-outbreak-measles/DetectedBy"/>
            <code value="2"/>
            <display value="Laboratory"/>
          </contains>
          <contains>
            <system value="http://ritikarawlani.github.io/smart-outbreak-measles/DetectedBy"/>
            <code value="3"/>
            <display value="Institutional Search"/>
          </contains>
          <contains>
            <system value="http://ritikarawlani.github.io/smart-outbreak-measles/DetectedBy"/>
            <code value="4"/>
            <display value="Community Case Search"/>
          </contains>
          <contains>
            <system value="http://ritikarawlani.github.io/smart-outbreak-measles/DetectedBy"/>
            <code value="5"/>
            <display value="Contact Investigation"/>
          </contains>
          <contains>
            <system value="http://ritikarawlani.github.io/smart-outbreak-measles/DetectedBy"/>
            <code value="6"/>
            <display value="Community Report"/>
          </contains>
          <contains>
            <system value="http://ritikarawlani.github.io/smart-outbreak-measles/DetectedBy"/>
            <code value="88"/>
            <display value="Other"/>
          </contains>
          <contains>
            <system value="http://ritikarawlani.github.io/smart-outbreak-measles/DetectedBy"/>
            <code value="99"/>
            <display value="Unknown"/>
          </contains>
        </expansion>
      </ValueSet>
    </resource>
  </entry>
  <entry>
    <fullUrl value="http://ritikarawlani.github.io/smart-outbreak-measles/ValueSet/BiologicalSex"/>
    <resource>
      <ValueSet>
        <text>
          <status value="generated"/>
          <div xmlns="http://www.w3.org/1999/xhtml">
            <p>This value set contains 2 concepts</p>
            <p style="border: black 1px dotted; background-color: #EEEEEE; padding: 8px; margin-bottom: 8px">Expansion based on 
              <a href="http://hl7.org/fhir/R4/codesystem-administrative-gender.html">AdministrativeGender v4.0.1 (CodeSystem)</a>
            </p>
            <table class="codes">
              <tr>
                <td style="white-space:nowrap">
                  <b>Code</b>
                </td>
                <td>
                  <b>System</b>
                </td>
                <td>
                  <b>Display</b>
                </td>
                <td>
                  <b>Definition</b>
                </td>
              </tr>
              <tr>
                <td style="white-space:nowrap">
                  <a name="http---hl7.org-fhir-administrative-gender-male"> </a>  
                  <a href="http://hl7.org/fhir/R4/codesystem-administrative-gender.html#administrative-gender-male">male</a>
                </td>
                <td>http://hl7.org/fhir/administrative-gender</td>
                <td>Male</td>
                <td>
                  <div>
                    <p>Male.</p>

                  </div>
                </td>
              </tr>
              <tr>
                <td style="white-space:nowrap">
                  <a name="http---hl7.org-fhir-administrative-gender-female"> </a>  
                  <a href="http://hl7.org/fhir/R4/codesystem-administrative-gender.html#administrative-gender-female">female</a>
                </td>
                <td>http://hl7.org/fhir/administrative-gender</td>
                <td>Female</td>
                <td>
                  <div>
                    <p>Female.</p>

                  </div>
                </td>
              </tr>
            </table>
          </div>
        </text>
        <url value="http://ritikarawlani.github.io/smart-outbreak-measles/ValueSet/BiologicalSex"/>
        <version value="0.2.1"/>
        <name value="BiologicalSex"/>
        <title value="SOT Biological Sex"/>
        <status value="draft"/>
        <date value="2023-06-13T18:28:07+00:00"/>
        <jurisdiction>
          <coding>
            <system value="http://unstats.un.org/unsd/methods/m49/m49.htm"/>
            <code value="001"/>
          </coding>
        </jurisdiction>
        <expansion>
          <identifier value="urn:uuid:2d81ede8-99a6-4e33-a930-63a16d92a53f"/>
          <timestamp value="2023-06-13T18:28:44+00:00"/>
          <total value="2"/>
          <parameter>
            <name value="excludeNested"/>
            <valueBoolean value="false"/>
          </parameter>
          <parameter>
            <name value="version"/>
            <valueUri value="http://hl7.org/fhir/administrative-gender|4.0.1"/>
          </parameter>
          <contains>
            <system value="http://hl7.org/fhir/administrative-gender"/>
            <code value="male"/>
            <display value="Male"/>
          </contains>
          <contains>
            <system value="http://hl7.org/fhir/administrative-gender"/>
            <code value="female"/>
            <display value="Female"/>
          </contains>
        </expansion>
      </ValueSet>
    </resource>
  </entry>
  <entry>
    <fullUrl value="http://ritikarawlani.github.io/smart-outbreak-measles/ValueSet/PatientOutcome"/>
    <resource>
      <ValueSet>
        <text>
          <status value="generated"/>
          <div xmlns="http://www.w3.org/1999/xhtml">
            <p>This value set contains 5 concepts</p>
            <p style="border: black 1px dotted; background-color: #EEEEEE; padding: 8px; margin-bottom: 8px">Expansion based on 
              <a href="CodeSystem-PatientOutcomeCs.html">Patient Clinical Course Outcome v0.2.1 (CodeSystem)</a>
            </p>
            <table class="codes">
              <tr>
                <td style="white-space:nowrap">
                  <b>Code</b>
                </td>
                <td>
                  <b>System</b>
                </td>
                <td>
                  <b>Display</b>
                </td>
              </tr>
              <tr>
                <td style="white-space:nowrap">
                  <a name="http---ritikarawlani.github.io-smart-outbreak-measles-PatientOutcome-Sick"> </a>  
                  <a href="CodeSystem-PatientOutcomeCs.html#PatientOutcomeCs-Sick">Sick</a>
                </td>
                <td>http://ritikarawlani.github.io/smart-outbreak-measles/PatientOutcome</td>
                <td>Still sick</td>
              </tr>
              <tr>
                <td style="white-space:nowrap">
                  <a name="http---ritikarawlani.github.io-smart-outbreak-measles-PatientOutcome-Cured"> </a>  
                  <a href="CodeSystem-PatientOutcomeCs.html#PatientOutcomeCs-Cured">Cured</a>
                </td>
                <td>http://ritikarawlani.github.io/smart-outbreak-measles/PatientOutcome</td>
                <td>Cured</td>
              </tr>
              <tr>
                <td style="white-space:nowrap">
                  <a name="http---ritikarawlani.github.io-smart-outbreak-measles-PatientOutcome-Sequelae"> </a>  
                  <a href="CodeSystem-PatientOutcomeCs.html#PatientOutcomeCs-Sequelae">Sequelae</a>
                </td>
                <td>http://ritikarawlani.github.io/smart-outbreak-measles/PatientOutcome</td>
                <td>Sequelae</td>
              </tr>
              <tr>
                <td style="white-space:nowrap">
                  <a name="http---ritikarawlani.github.io-smart-outbreak-measles-PatientOutcome-Defaulter"> </a>  
                  <a href="CodeSystem-PatientOutcomeCs.html#PatientOutcomeCs-Defaulter">Defaulter</a>
                </td>
                <td>http://ritikarawlani.github.io/smart-outbreak-measles/PatientOutcome</td>
                <td>Defaulter</td>
              </tr>
              <tr>
                <td style="white-space:nowrap">
                  <a name="http---ritikarawlani.github.io-smart-outbreak-measles-PatientOutcome-Death"> </a>  
                  <a href="CodeSystem-PatientOutcomeCs.html#PatientOutcomeCs-Death">Death</a>
                </td>
                <td>http://ritikarawlani.github.io/smart-outbreak-measles/PatientOutcome</td>
                <td>Death</td>
              </tr>
            </table>
          </div>
        </text>
        <url value="http://ritikarawlani.github.io/smart-outbreak-measles/ValueSet/PatientOutcome"/>
        <version value="0.2.1"/>
        <name value="PatientOutcome"/>
        <title value="Patient Clinical Course Outcome"/>
        <status value="draft"/>
        <date value="2023-06-13T18:28:07+00:00"/>
        <jurisdiction>
          <coding>
            <system value="http://unstats.un.org/unsd/methods/m49/m49.htm"/>
            <code value="001"/>
          </coding>
        </jurisdiction>
        <expansion>
          <identifier value="urn:uuid:02a18a13-8126-4fe1-8e21-a86af66e91ee"/>
          <timestamp value="2023-06-13T18:28:46+00:00"/>
          <total value="5"/>
          <parameter>
            <name value="excludeNested"/>
            <valueBoolean value="false"/>
          </parameter>
          <parameter>
            <name value="version"/>
            <valueUri value="http://ritikarawlani.github.io/smart-outbreak-measles/PatientOutcome|0.2.1"/>
          </parameter>
          <contains>
            <system value="http://ritikarawlani.github.io/smart-outbreak-measles/PatientOutcome"/>
            <code value="Sick"/>
            <display value="Still sick"/>
          </contains>
          <contains>
            <system value="http://ritikarawlani.github.io/smart-outbreak-measles/PatientOutcome"/>
            <code value="Cured"/>
            <display value="Cured"/>
          </contains>
          <contains>
            <system value="http://ritikarawlani.github.io/smart-outbreak-measles/PatientOutcome"/>
            <code value="Sequelae"/>
            <display value="Sequelae"/>
          </contains>
          <contains>
            <system value="http://ritikarawlani.github.io/smart-outbreak-measles/PatientOutcome"/>
            <code value="Defaulter"/>
            <display value="Defaulter"/>
          </contains>
          <contains>
            <system value="http://ritikarawlani.github.io/smart-outbreak-measles/PatientOutcome"/>
            <code value="Death"/>
            <display value="Death"/>
          </contains>
        </expansion>
      </ValueSet>
    </resource>
  </entry>
  <entry>
    <fullUrl value="http://ritikarawlani.github.io/smart-outbreak-measles/ValueSet/InitDiag"/>
    <resource>
      <ValueSet>
        <id value="InitDiag"/>
        <text>
          <status value="generated"/>
          <div xmlns="http://www.w3.org/1999/xhtml">
            <p>This value set contains 6 concepts</p>
            <p style="border: black 1px dotted; background-color: #EEEEEE; padding: 8px; margin-bottom: 8px">Expansion based on 
              <a href="CodeSystem-InitDiagCs.html">Initial Diagnosis Code System v0.2.1 (CodeSystem)</a>
            </p>
            <table class="codes">
              <tr>
                <td style="white-space:nowrap">
                  <b>Code</b>
                </td>
                <td>
                  <b>System</b>
                </td>
                <td>
                  <b>Display</b>
                </td>
              </tr>
              <tr>
                <td style="white-space:nowrap">
                  <a name="http---ritikarawlani.github.io-smart-outbreak-measles-InitDiag-1"> </a>  
                  <a href="CodeSystem-InitDiagCs.html#InitDiagCs-1">1</a>
                </td>
                <td>http://ritikarawlani.github.io/smart-outbreak-measles/InitDiag</td>
                <td>Measles</td>
              </tr>
              <tr>
                <td style="white-space:nowrap">
                  <a name="http---ritikarawlani.github.io-smart-outbreak-measles-InitDiag-2"> </a>  
                  <a href="CodeSystem-InitDiagCs.html#InitDiagCs-2">2</a>
                </td>
                <td>http://ritikarawlani.github.io/smart-outbreak-measles/InitDiag</td>
                <td>Rubella</td>
              </tr>
              <tr>
                <td style="white-space:nowrap">
                  <a name="http---ritikarawlani.github.io-smart-outbreak-measles-InitDiag-3"> </a>  
                  <a href="CodeSystem-InitDiagCs.html#InitDiagCs-3">3</a>
                </td>
                <td>http://ritikarawlani.github.io/smart-outbreak-measles/InitDiag</td>
                <td>Dengue</td>
              </tr>
              <tr>
                <td style="white-space:nowrap">
                  <a name="http---ritikarawlani.github.io-smart-outbreak-measles-InitDiag-4"> </a>  
                  <a href="CodeSystem-InitDiagCs.html#InitDiagCs-4">4</a>
                </td>
                <td>http://ritikarawlani.github.io/smart-outbreak-measles/InitDiag</td>
                <td>Other Rash illness</td>
              </tr>
              <tr>
                <td style="white-space:nowrap">
                  <a name="http---ritikarawlani.github.io-smart-outbreak-measles-InitDiag-8"> </a>  
                  <a href="CodeSystem-InitDiagCs.html#InitDiagCs-8">8</a>
                </td>
                <td>http://ritikarawlani.github.io/smart-outbreak-measles/InitDiag</td>
                <td>Other Non-Rash illness</td>
              </tr>
              <tr>
                <td style="white-space:nowrap">
                  <a name="http---ritikarawlani.github.io-smart-outbreak-measles-InitDiag-99"> </a>  
                  <a href="CodeSystem-InitDiagCs.html#InitDiagCs-99">99</a>
                </td>
                <td>http://ritikarawlani.github.io/smart-outbreak-measles/InitDiag</td>
                <td>Unknown</td>
              </tr>
            </table>
          </div>
        </text>
        <url value="http://ritikarawlani.github.io/smart-outbreak-measles/ValueSet/InitDiag"/>
        <version value="0.2.1"/>
        <name value="InitDiag"/>
        <title value="SOT Measles Initial Diagnosis"/>
        <status value="draft"/>
        <date value="2023-06-13T18:28:07+00:00"/>
        <publisher value="WHO"/>
        <contact>
          <name value="WHO"/>
          <telecom>
            <system value="url"/>
            <value value="http://who.int"/>
          </telecom>
        </contact>
        <jurisdiction>
          <coding>
            <system value="http://unstats.un.org/unsd/methods/m49/m49.htm"/>
            <code value="001"/>
          </coding>
        </jurisdiction>
        <expansion>
          <identifier value="urn:uuid:c060c134-871f-43be-b1ee-5dfface2c18f"/>
          <timestamp value="2023-05-02T20:23:35+05:30"/>
          <total value="6"/>
          <parameter>
            <name value="excludeNested"/>
            <valueBoolean value="false"/>
          </parameter>
          <parameter>
            <name value="version"/>
            <valueUri value="http://ritikarawlani.github.io/smart-outbreak-measles/InitDiag|0.2.1"/>
          </parameter>
          <contains>
            <system value="http://ritikarawlani.github.io/smart-outbreak-measles/InitDiag"/>
            <code value="1"/>
            <display value="Measles"/>
          </contains>
          <contains>
            <system value="http://ritikarawlani.github.io/smart-outbreak-measles/InitDiag"/>
            <code value="2"/>
            <display value="Rubella"/>
          </contains>
          <contains>
            <system value="http://ritikarawlani.github.io/smart-outbreak-measles/InitDiag"/>
            <code value="3"/>
            <display value="Dengue"/>
          </contains>
          <contains>
            <system value="http://ritikarawlani.github.io/smart-outbreak-measles/InitDiag"/>
            <code value="4"/>
            <display value="Other Rash illness"/>
          </contains>
          <contains>
            <system value="http://ritikarawlani.github.io/smart-outbreak-measles/InitDiag"/>
            <code value="8"/>
            <display value="Other Non-Rash illness"/>
          </contains>
          <contains>
            <system value="http://ritikarawlani.github.io/smart-outbreak-measles/InitDiag"/>
            <code value="99"/>
            <display value="Unknown"/>
          </contains>
        </expansion>
      </ValueSet>
    </resource>
  </entry>
  <entry>
    <fullUrl value="http://ritikarawlani.github.io/smart-outbreak-measles/ValueSet/PlaceOfCare"/>
    <resource>
      <ValueSet>
        <text>
          <status value="generated"/>
          <div xmlns="http://www.w3.org/1999/xhtml">
            <p>This value set contains 3 concepts</p>
            <p style="border: black 1px dotted; background-color: #EEEEEE; padding: 8px; margin-bottom: 8px">Expansion based on 
              <a href="CodeSystem-PlaceOfCareCs.html">Place Of Care v0.2.1 (CodeSystem)</a>
            </p>
            <table class="codes">
              <tr>
                <td style="white-space:nowrap">
                  <b>Code</b>
                </td>
                <td>
                  <b>System</b>
                </td>
                <td>
                  <b>Display</b>
                </td>
              </tr>
              <tr>
                <td style="white-space:nowrap">
                  <a name="http---ritikarawlani.github.io-smart-outbreak-measles-PlaceOfCare-Home"> </a>  
                  <a href="CodeSystem-PlaceOfCareCs.html#PlaceOfCareCs-Home">Home</a>
                </td>
                <td>http://ritikarawlani.github.io/smart-outbreak-measles/PlaceOfCare</td>
                <td>at home</td>
              </tr>
              <tr>
                <td style="white-space:nowrap">
                  <a name="http---ritikarawlani.github.io-smart-outbreak-measles-PlaceOfCare-HealthFacility"> </a>  
                  <a href="CodeSystem-PlaceOfCareCs.html#PlaceOfCareCs-HealthFacility">HealthFacility</a>
                </td>
                <td>http://ritikarawlani.github.io/smart-outbreak-measles/PlaceOfCare</td>
                <td>at health facility</td>
              </tr>
              <tr>
                <td style="white-space:nowrap">
                  <a name="http---ritikarawlani.github.io-smart-outbreak-measles-PlaceOfCare-TraditionalClinic"> </a>  
                  <a href="CodeSystem-PlaceOfCareCs.html#PlaceOfCareCs-TraditionalClinic">TraditionalClinic</a>
                </td>
                <td>http://ritikarawlani.github.io/smart-outbreak-measles/PlaceOfCare</td>
                <td>at traditional clinic</td>
              </tr>
            </table>
          </div>
        </text>
        <url value="http://ritikarawlani.github.io/smart-outbreak-measles/ValueSet/PlaceOfCare"/>
        <version value="0.2.1"/>
        <name value="PlaceOfCare"/>
        <title value="Place Of Care"/>
        <status value="draft"/>
        <date value="2023-06-13T18:28:07+00:00"/>
        <jurisdiction>
          <coding>
            <system value="http://unstats.un.org/unsd/methods/m49/m49.htm"/>
            <code value="001"/>
          </coding>
        </jurisdiction>
        <expansion>
          <identifier value="urn:uuid:38937e9f-2f69-4baf-a6d0-83dc4afefae3"/>
          <timestamp value="2023-06-13T18:28:56+00:00"/>
          <total value="3"/>
          <parameter>
            <name value="excludeNested"/>
            <valueBoolean value="false"/>
          </parameter>
          <parameter>
            <name value="version"/>
            <valueUri value="http://ritikarawlani.github.io/smart-outbreak-measles/PlaceOfCare|0.2.1"/>
          </parameter>
          <contains>
            <system value="http://ritikarawlani.github.io/smart-outbreak-measles/PlaceOfCare"/>
            <code value="Home"/>
            <display value="at home"/>
          </contains>
          <contains>
            <system value="http://ritikarawlani.github.io/smart-outbreak-measles/PlaceOfCare"/>
            <code value="HealthFacility"/>
            <display value="at health facility"/>
          </contains>
          <contains>
            <system value="http://ritikarawlani.github.io/smart-outbreak-measles/PlaceOfCare"/>
            <code value="TraditionalClinic"/>
            <display value="at traditional clinic"/>
          </contains>
        </expansion>
      </ValueSet>
    </resource>
  </entry>
  <entry>
    <fullUrl value="http://ritikarawlani.github.io/smart-outbreak-measles/ValueSet/ReportedBy"/>
    <resource>
      <ValueSet>
        <text>
          <status value="generated"/>
          <div xmlns="http://www.w3.org/1999/xhtml">
            <p>This value set contains 5 concepts</p>
            <p style="border: black 1px dotted; background-color: #EEEEEE; padding: 8px; margin-bottom: 8px">Expansion based on 
              <a href="CodeSystem-ReportedByCs.html">Reported By v0.2.1 (CodeSystem)</a>
            </p>
            <table class="codes">
              <tr>
                <td style="white-space:nowrap">
                  <b>Code</b>
                </td>
                <td>
                  <b>System</b>
                </td>
                <td>
                  <b>Display</b>
                </td>
              </tr>
              <tr>
                <td style="white-space:nowrap">
                  <a name="http---ritikarawlani.github.io-smart-outbreak-measles-ReportedBy-MobileTeam"> </a>  
                  <a href="CodeSystem-ReportedByCs.html#ReportedByCs-MobileTeam">MobileTeam</a>
                </td>
                <td>http://ritikarawlani.github.io/smart-outbreak-measles/ReportedBy</td>
                <td>Mobile team</td>
              </tr>
              <tr>
                <td style="white-space:nowrap">
                  <a name="http---ritikarawlani.github.io-smart-outbreak-measles-ReportedBy-HealthCentre"> </a>  
                  <a href="CodeSystem-ReportedByCs.html#ReportedByCs-HealthCentre">HealthCentre</a>
                </td>
                <td>http://ritikarawlani.github.io/smart-outbreak-measles/ReportedBy</td>
                <td>Health Cantre/post</td>
              </tr>
              <tr>
                <td style="white-space:nowrap">
                  <a name="http---ritikarawlani.github.io-smart-outbreak-measles-ReportedBy-Hospital"> </a>  
                  <a href="CodeSystem-ReportedByCs.html#ReportedByCs-Hospital">Hospital</a>
                </td>
                <td>http://ritikarawlani.github.io/smart-outbreak-measles/ReportedBy</td>
                <td>Hospital</td>
              </tr>
              <tr>
                <td style="white-space:nowrap">
                  <a name="http---ritikarawlani.github.io-smart-outbreak-measles-ReportedBy-Other"> </a>  
                  <a href="CodeSystem-ReportedByCs.html#ReportedByCs-Other">Other</a>
                </td>
                <td>http://ritikarawlani.github.io/smart-outbreak-measles/ReportedBy</td>
                <td>Other</td>
              </tr>
              <tr>
                <td style="white-space:nowrap">
                  <a name="http---ritikarawlani.github.io-smart-outbreak-measles-ReportedBy-Unknown"> </a>  
                  <a href="CodeSystem-ReportedByCs.html#ReportedByCs-Unknown">Unknown</a>
                </td>
                <td>http://ritikarawlani.github.io/smart-outbreak-measles/ReportedBy</td>
                <td>Unknown</td>
              </tr>
            </table>
          </div>
        </text>
        <url value="http://ritikarawlani.github.io/smart-outbreak-measles/ValueSet/ReportedBy"/>
        <version value="0.2.1"/>
        <name value="ReportedBy"/>
        <title value="Reported By"/>
        <status value="draft"/>
        <date value="2023-06-13T18:28:07+00:00"/>
        <jurisdiction>
          <coding>
            <system value="http://unstats.un.org/unsd/methods/m49/m49.htm"/>
            <code value="001"/>
          </coding>
        </jurisdiction>
        <expansion>
          <identifier value="urn:uuid:e74ab31c-0bd5-40c2-af3b-cb74ef2755e6"/>
          <timestamp value="2023-06-13T18:28:56+00:00"/>
          <total value="5"/>
          <parameter>
            <name value="excludeNested"/>
            <valueBoolean value="false"/>
          </parameter>
          <parameter>
            <name value="version"/>
            <valueUri value="http://ritikarawlani.github.io/smart-outbreak-measles/ReportedBy|0.2.1"/>
          </parameter>
          <contains>
            <system value="http://ritikarawlani.github.io/smart-outbreak-measles/ReportedBy"/>
            <code value="MobileTeam"/>
            <display value="Mobile team"/>
          </contains>
          <contains>
            <system value="http://ritikarawlani.github.io/smart-outbreak-measles/ReportedBy"/>
            <code value="HealthCentre"/>
            <display value="Health Cantre/post"/>
          </contains>
          <contains>
            <system value="http://ritikarawlani.github.io/smart-outbreak-measles/ReportedBy"/>
            <code value="Hospital"/>
            <display value="Hospital"/>
          </contains>
          <contains>
            <system value="http://ritikarawlani.github.io/smart-outbreak-measles/ReportedBy"/>
            <code value="Other"/>
            <display value="Other"/>
          </contains>
          <contains>
            <system value="http://ritikarawlani.github.io/smart-outbreak-measles/ReportedBy"/>
            <code value="Unknown"/>
            <display value="Unknown"/>
          </contains>
        </expansion>
      </ValueSet>
    </resource>
  </entry>
</Bundle>