<?xml version="1.0" encoding="UTF-8"?><CodeSystem xmlns="http://hl7.org/fhir"><id value="WaterCharacteristicsCs"/><text><status value="generated"/><div xmlns="http://www.w3.org/1999/xhtml"><p>This code system <code>http://ritikarawlani.github.io/smart-outbreak-measles/WaterCharacteristics</code> defines the following codes:</p><table class="codes"><tr><td style="white-space:nowrap"><b>Code</b></td></tr><tr><td style="white-space:nowrap">Clear<a name="WaterCharacteristicsCs-Clear"> </a></td></tr><tr><td style="white-space:nowrap">Filtered<a name="WaterCharacteristicsCs-Filtered"> </a></td></tr><tr><td style="white-space:nowrap">Treated<a name="WaterCharacteristicsCs-Treated"> </a></td></tr></table></div></text><url value="http://ritikarawlani.github.io/smart-outbreak-measles/WaterCharacteristics"/><version value="0.2.1"/><name value="WaterCharacteristicsCs"/><title value="Water Characteristics"/><status value="draft"/><date value="2023-06-26T09:02:14+00:00"/><publisher value="WHO"/><contact><name value="WHO"/><telecom><system value="url"/><value value="http://who.int"/></telecom></contact><description value="Water Characteristics"/><jurisdiction><coding><system value="http://unstats.un.org/unsd/methods/m49/m49.htm"/><code value="001"/></coding></jurisdiction><content value="complete"/><count value="3"/><concept><code value="Clear"/><display value="Clear"/></concept><concept><code value="Filtered"/><display value="Filtered"/></concept><concept><code value="Treated"/><display value="Treated"/></concept></CodeSystem>