<?xml version="1.0" encoding="UTF-8"?><ValueSet xmlns="http://hl7.org/fhir"><id value="PatientOutcome"/><text><status value="generated"/><div xmlns="http://www.w3.org/1999/xhtml"><ul><li>Include all codes defined in <a href="CodeSystem-PatientOutcomeCs.html"><code>http://ritikarawlani.github.io/smart-outbreak-measles/PatientOutcome</code></a></li></ul></div></text><url value="http://ritikarawlani.github.io/smart-outbreak-measles/ValueSet/PatientOutcome"/><version value="0.2.1"/><name value="PatientOutcome"/><title value="Patient Clinical Course Outcome"/><status value="draft"/><date value="2023-06-26T09:02:14+00:00"/><publisher value="WHO"/><contact><name value="WHO"/><telecom><system value="url"/><value value="http://who.int"/></telecom></contact><description value="Patient Clinical Course Outcome"/><jurisdiction><coding><system value="http://unstats.un.org/unsd/methods/m49/m49.htm"/><code value="001"/></coding></jurisdiction><compose><include><system value="http://ritikarawlani.github.io/smart-outbreak-measles/PatientOutcome"/></include></compose></ValueSet>