{
  "resourceType" : "CodeSystem",
  "id" : "LocalizationOfSkinDisorderCs",
  "text" : {
    "status" : "generated",
    "div" : "<div xmlns=\"http://www.w3.org/1999/xhtml\"><p>This code system <code>http://ritikarawlani.github.io/smart-outbreak-measles/LocalizationOfSkinDisorder</code> defines the following codes:</p><table class=\"codes\"><tr><td style=\"white-space:nowrap\"><b>Code</b></td></tr><tr><td style=\"white-space:nowrap\">Systemic<a name=\"LocalizationOfSkinDisorderCs-Systemic\"> </a></td></tr><tr><td style=\"white-space:nowrap\">Localized<a name=\"LocalizationOfSkinDisorderCs-Localized\"> </a></td></tr></table></div>"
  },
  "url" : "http://ritikarawlani.github.io/smart-outbreak-measles/LocalizationOfSkinDisorder",
  "version" : "0.2.1",
  "name" : "LocalizationOfSkinDisorderCs",
  "title" : "Localization of Skin Disorder",
  "status" : "draft",
  "date" : "2023-06-26T09:02:14+00:00",
  "publisher" : "WHO",
  "contact" : [{
    "name" : "WHO",
    "telecom" : [{
      "system" : "url",
      "value" : "http://who.int"
    }]
  }],
  "description" : "Localization of Skin Disorder",
  "jurisdiction" : [{
    "coding" : [{
      "system" : "http://unstats.un.org/unsd/methods/m49/m49.htm",
      "code" : "001"
    }]
  }],
  "content" : "complete",
  "count" : 2,
  "concept" : [{
    "code" : "Systemic",
    "display" : "Systemic"
  },
  {
    "code" : "Localized",
    "display" : "Localized"
  }]
}