{
  "resourceType" : "ValueSet",
  "id" : "YesNo",
  "text" : {
    "status" : "extensions",
    "div" : "<div xmlns=\"http://www.w3.org/1999/xhtml\"><ul><li>Include these codes as defined in <a href=\"http://terminology.hl7.org/5.0.0/CodeSystem-v2-0532.html\"><code>http://terminology.hl7.org/CodeSystem/v2-0532</code></a><table class=\"none\"><tr><td style=\"white-space:nowrap\"><b>Code</b></td><td><b>Display</b></td><td><b>Definition</b></td></tr><tr><td><a href=\"http://terminology.hl7.org/5.0.0/CodeSystem-v2-0532.html#v2-0532-Y\">Y</a></td><td>Yes</td><td>Yes</td></tr><tr><td><a href=\"http://terminology.hl7.org/5.0.0/CodeSystem-v2-0532.html#v2-0532-N\">N</a></td><td>No</td><td>No</td></tr></table></li></ul></div>"
  },
  "url" : "http://ritikarawlani.github.io/smart-outbreak-measles/ValueSet/YesNo",
  "version" : "0.2.1",
  "name" : "YesNo",
  "title" : "SOT Yes No",
  "status" : "draft",
  "date" : "2023-06-26T09:02:14+00:00",
  "publisher" : "WHO",
  "contact" : [{
    "name" : "WHO",
    "telecom" : [{
      "system" : "url",
      "value" : "http://who.int"
    }]
  }],
  "description" : "Yes No",
  "jurisdiction" : [{
    "coding" : [{
      "system" : "http://unstats.un.org/unsd/methods/m49/m49.htm",
      "code" : "001"
    }]
  }],
  "compose" : {
    "include" : [{
      "system" : "http://terminology.hl7.org/CodeSystem/v2-0532",
      "concept" : [{
        "code" : "Y",
        "display" : "Yes"
      },
      {
        "code" : "N",
        "display" : "No"
      }]
    }]
  }
}