{"resourceType":"CodeSystem","id":"FinalClassificationCs","text":{"status":"generated","div":"<div xmlns=\"http://www.w3.org/1999/xhtml\"><p>This code system <code>http://ritikarawlani.github.io/smart-outbreak-measles/FinalClassification</code> defines the following codes:</p><table class=\"codes\"><tr><td style=\"white-space:nowrap\"><b>Code</b></td><td><b>Display</b></td></tr><tr><td style=\"white-space:nowrap\">1<a name=\"FinalClassificationCs-1\"> </a></td><td>Measles</td></tr><tr><td style=\"white-space:nowrap\">2<a name=\"FinalClassificationCs-2\"> </a></td><td>Rubella</td></tr><tr><td style=\"white-space:nowrap\">3<a name=\"FinalClassificationCs-3\"> </a></td><td>Discarded</td></tr></table></div>"},"url":"http://ritikarawlani.github.io/smart-outbreak-measles/FinalClassification","version":"0.2.1","name":"FinalClassificationCs","title":"Final Classification","status":"draft","date":"2023-08-08T15:05:07+00:00","publisher":"WHO","contact":[{"name":"WHO","telecom":[{"system":"url","value":"http://who.int"}]}],"description":"Final Classification","jurisdiction":[{"coding":[{"system":"http://unstats.un.org/unsd/methods/m49/m49.htm","code":"001"}]}],"content":"complete","count":3,"concept":[{"code":"1","display":"Measles"},{"code":"2","display":"Rubella"},{"code":"3","display":"Discarded"}]}