{"resourceType":"CodeSystem","id":"ProvTypeCs","text":{"status":"generated","div":"<div xmlns=\"http://www.w3.org/1999/xhtml\"><p>This code system <code>http://ritikarawlani.github.io/smart-outbreak-measles/ProvType</code> defines the following codes:</p><table class=\"codes\"><tr><td style=\"white-space:nowrap\"><b>Code</b></td><td><b>Display</b></td></tr><tr><td style=\"white-space:nowrap\">1<a name=\"ProvTypeCs-1\"> </a></td><td>Public</td></tr><tr><td style=\"white-space:nowrap\">2<a name=\"ProvTypeCs-2\"> </a></td><td>Private</td></tr><tr><td style=\"white-space:nowrap\">88<a name=\"ProvTypeCs-88\"> </a></td><td>Other</td></tr></table></div>"},"url":"http://ritikarawlani.github.io/smart-outbreak-measles/ProvType","version":"0.2.1","name":"ProvTypeCs","title":"Type of Provider Code System","status":"draft","date":"2023-08-08T15:05:07+00:00","publisher":"WHO","contact":[{"name":"WHO","telecom":[{"system":"url","value":"http://who.int"}]}],"description":"Type of Provider Code System","jurisdiction":[{"coding":[{"system":"http://unstats.un.org/unsd/methods/m49/m49.htm","code":"001"}]}],"content":"complete","count":3,"concept":[{"code":"1","display":"Public"},{"code":"2","display":"Private"},{"code":"88","display":"Other"}]}