{"resourceType":"CodeSystem","id":"CaseStatusCs","text":{"status":"generated","div":"<div xmlns=\"http://www.w3.org/1999/xhtml\"><p>This code system <code>http://ritikarawlani.github.io/smart-outbreak-measles/CaseStatus</code> defines the following codes:</p><table class=\"codes\"><tr><td style=\"white-space:nowrap\"><b>Code</b></td></tr><tr><td style=\"white-space:nowrap\">Confirmed<a name=\"CaseStatusCs-Confirmed\"> </a></td></tr><tr><td style=\"white-space:nowrap\">Probable<a name=\"CaseStatusCs-Probable\"> </a></td></tr><tr><td style=\"white-space:nowrap\">Suspect<a name=\"CaseStatusCs-Suspect\"> </a></td></tr><tr><td style=\"white-space:nowrap\">Other<a name=\"CaseStatusCs-Other\"> </a></td></tr></table></div>"},"url":"http://ritikarawlani.github.io/smart-outbreak-measles/CaseStatus","version":"0.2.1","name":"CaseStatusCs","title":"Case Status","status":"draft","date":"2023-08-08T15:05:07+00:00","publisher":"WHO","contact":[{"name":"WHO","telecom":[{"system":"url","value":"http://who.int"}]}],"description":"Case Status","jurisdiction":[{"coding":[{"system":"http://unstats.un.org/unsd/methods/m49/m49.htm","code":"001"}]}],"content":"complete","count":4,"concept":[{"code":"Confirmed","display":"Confirmed"},{"code":"Probable","display":"Probable"},{"code":"Suspect","display":"Suspect"},{"code":"Other","display":"Other"}]}