{"resourceType":"CodeSystem","id":"SpecimenNumberCs","text":{"status":"generated","div":"<div xmlns=\"http://www.w3.org/1999/xhtml\"><p>This code system <code>http://ritikarawlani.github.io/smart-outbreak-measles/SpecimenNumber</code> defines the following codes:</p><table class=\"codes\"><tr><td style=\"white-space:nowrap\"><b>Code</b></td><td><b>Display</b></td></tr><tr><td style=\"white-space:nowrap\">1<a name=\"SpecimenNumberCs-1\"> </a></td><td>First Sample</td></tr><tr><td style=\"white-space:nowrap\">2<a name=\"SpecimenNumberCs-2\"> </a></td><td>Second Sample</td></tr><tr><td style=\"white-space:nowrap\">3<a name=\"SpecimenNumberCs-3\"> </a></td><td>Third Sample (If Appropriate)</td></tr></table></div>"},"url":"http://ritikarawlani.github.io/smart-outbreak-measles/SpecimenNumber","version":"0.2.1","name":"SpecimenNumberCs","title":"Specimen Number Code System","status":"draft","date":"2023-08-08T15:05:07+00:00","publisher":"WHO","contact":[{"name":"WHO","telecom":[{"system":"url","value":"http://who.int"}]}],"description":"Specimen Number Code System","jurisdiction":[{"coding":[{"system":"http://unstats.un.org/unsd/methods/m49/m49.htm","code":"001"}]}],"content":"complete","count":3,"concept":[{"code":"1","display":"First Sample"},{"code":"2","display":"Second Sample"},{"code":"3","display":"Third Sample (If Appropriate)"}]}