{"resourceType":"ValueSet","id":"LocalCasesPresent","text":{"status":"generated","div":"<div xmlns=\"http://www.w3.org/1999/xhtml\"><ul><li>Include all codes defined in <a href=\"CodeSystem-LocalCasesPresentCs.html\"><code>http://ritikarawlani.github.io/smart-outbreak-measles/LocalCasesPresent</code></a></li></ul></div>"},"url":"http://ritikarawlani.github.io/smart-outbreak-measles/ValueSet/LocalCasesPresent","version":"0.2.1","name":"LocalCasesPresent","title":" LocalCasesPresent","status":"draft","date":"2023-08-08T15:05:07+00:00","publisher":"WHO","contact":[{"name":"WHO","telecom":[{"system":"url","value":"http://who.int"}]}],"description":" LocalCasesPresent","jurisdiction":[{"coding":[{"system":"http://unstats.un.org/unsd/methods/m49/m49.htm","code":"001"}]}],"compose":{"include":[{"system":"http://ritikarawlani.github.io/smart-outbreak-measles/LocalCasesPresent"}]}}