{"resourceType":"ValueSet","id":"InfectionSetting","text":{"status":"generated","div":"<div xmlns=\"http://www.w3.org/1999/xhtml\"><ul><li>Include all codes defined in <a href=\"CodeSystem-InfectionSettingCs.html\"><code>http://ritikarawlani.github.io/smart-outbreak-measles/InfectionSetting</code></a></li></ul></div>"},"url":"http://ritikarawlani.github.io/smart-outbreak-measles/ValueSet/InfectionSetting","version":"0.2.1","name":"InfectionSetting","title":" InfectionSetting","status":"draft","date":"2023-08-08T15:05:07+00:00","publisher":"WHO","contact":[{"name":"WHO","telecom":[{"system":"url","value":"http://who.int"}]}],"description":" InfectionSetting","jurisdiction":[{"coding":[{"system":"http://unstats.un.org/unsd/methods/m49/m49.htm","code":"001"}]}],"compose":{"include":[{"system":"http://ritikarawlani.github.io/smart-outbreak-measles/InfectionSetting"}]}}