{"resourceType":"ValueSet","id":"SpecimenCollected","text":{"status":"generated","div":"<div xmlns=\"http://www.w3.org/1999/xhtml\"><ul><li>Include all codes defined in <a href=\"CodeSystem-SpecimenCollectedCs.html\"><code>http://ritikarawlani.github.io/smart-outbreak-measles/SpecimenCollected</code></a></li></ul></div>"},"url":"http://ritikarawlani.github.io/smart-outbreak-measles/ValueSet/SpecimenCollected","version":"0.2.1","name":"SpecimenCollected","title":"Specimen Collected","status":"draft","date":"2023-08-08T15:05:07+00:00","publisher":"WHO","contact":[{"name":"WHO","telecom":[{"system":"url","value":"http://who.int"}]}],"description":"Specimen Collected","jurisdiction":[{"coding":[{"system":"http://unstats.un.org/unsd/methods/m49/m49.htm","code":"001"}]}],"compose":{"include":[{"system":"http://ritikarawlani.github.io/smart-outbreak-measles/SpecimenCollected"}]}}