<?xml version="1.0" encoding="UTF-8"?><ImplementationGuide xmlns="http://hl7.org/fhir"><id value="fhir.ritikarawlani.smart-outbreak-measles"/><text><status value="extensions"/><div xmlns="http://www.w3.org/1999/xhtml"><h2>smartoutbreakmeasles</h2><p>The official URL for this implementation guide is: </p><pre>http://ritikarawlani.github.io/smart-outbreak-measles/ImplementationGuide/fhir.ritikarawlani.smart-outbreak-measles</pre><div><p>WHO SMART Guideline: Surveillance &amp; Outbreak Toolkit</p>
</div></div></text><url value="http://ritikarawlani.github.io/smart-outbreak-measles/ImplementationGuide/fhir.ritikarawlani.smart-outbreak-measles"/><version value="0.2.1"/><name value="smartoutbreakmeasles"/><title value="WHO SMART Guideline: Surveillance &amp; Outbreak Toolkit"/><status value="draft"/><date value="2023-04-25"/><publisher value="WHO"/><contact><name value="WHO"/><telecom><system value="url"/><value value="http://who.int"/></telecom></contact><description value="WHO SMART Guideline: Surveillance &amp; Outbreak Toolkit"/><jurisdiction><coding><system value="http://unstats.un.org/unsd/methods/m49/m49.htm"/><code value="001"/></coding></jurisdiction><packageId value="fhir.ritikarawlani.smart-outbreak-measles"/><license value="CC0-1.0"/><fhirVersion value="4.0.1"/><dependsOn id="hl7tx"><extension url="http://hl7.org/fhir/tools/StructureDefinition/implementationguide-dependency-comment"><valueMarkdown value="Automatically added as a dependency - all IGs depend on HL7 Terminology"/></extension><uri value="http://terminology.hl7.org/ImplementationGuide/hl7.terminology"/><packageId value="hl7.terminology.r4"/><version value="5.0.0"/></dependsOn><dependsOn id="hl7ext"><extension url="http://hl7.org/fhir/tools/StructureDefinition/implementationguide-dependency-comment"><valueMarkdown value="Automatically added as a dependency - all IGs depend on the HL7 Extension Pack"/></extension><uri value="http://hl7.org/fhir/extensions/ImplementationGuide/hl7.fhir.uv.extensions"/><packageId value="hl7.fhir.uv.extensions.r4"/><version value="1.0.0"/></dependsOn><dependsOn id="hl7_fhir_uv_sdc"><uri value="http://hl7.org/fhir/uv/sdc/ImplementationGuide/hl7.fhir.uv.sdc"/><packageId value="hl7.fhir.uv.sdc"/><version value="3.0.0"/></dependsOn><definition><extension url="http://hl7.org/fhir/tools/StructureDefinition/ig-parameter"><extension url="code"><valueString value="copyrightyear"/></extension><extension url="value"><valueString value="2021+"/></extension></extension><extension url="http://hl7.org/fhir/tools/StructureDefinition/ig-parameter"><extension url="code"><valueString value="releaselabel"/></extension><extension url="value"><valueString value="CI Build"/></extension></extension><extension url="http://hl7.org/fhir/tools/StructureDefinition/ig-parameter"><extension url="code"><valueString value="autoload-resources"/></extension><extension url="value"><valueString value="true"/></extension></extension><extension url="http://hl7.org/fhir/tools/StructureDefinition/ig-parameter"><extension url="code"><valueString value="path-liquid"/></extension><extension url="value"><valueString value="template/liquid"/></extension></extension><extension url="http://hl7.org/fhir/tools/StructureDefinition/ig-parameter"><extension url="code"><valueString value="path-liquid"/></extension><extension url="value"><valueString value="input/liquid"/></extension></extension><extension url="http://hl7.org/fhir/tools/StructureDefinition/ig-parameter"><extension url="code"><valueString value="path-qa"/></extension><extension url="value"><valueString value="temp/qa"/></extension></extension><extension url="http://hl7.org/fhir/tools/StructureDefinition/ig-parameter"><extension url="code"><valueString value="path-temp"/></extension><extension url="value"><valueString value="temp/pages"/></extension></extension><extension url="http://hl7.org/fhir/tools/StructureDefinition/ig-parameter"><extension url="code"><valueString value="path-output"/></extension><extension url="value"><valueString value="output"/></extension></extension><extension url="http://hl7.org/fhir/tools/StructureDefinition/ig-parameter"><extension url="code"><valueString value="path-suppressed-warnings"/></extension><extension url="value"><valueString value="input/ignoreWarnings.txt"/></extension></extension><extension url="http://hl7.org/fhir/tools/StructureDefinition/ig-parameter"><extension url="code"><valueString value="path-history"/></extension><extension url="value"><valueString value="http://ritikarawlani.github.io/smart-outbreak-measles/history.html"/></extension></extension><extension url="http://hl7.org/fhir/tools/StructureDefinition/ig-parameter"><extension url="code"><valueString value="template-html"/></extension><extension url="value"><valueString value="template-page.html"/></extension></extension><extension url="http://hl7.org/fhir/tools/StructureDefinition/ig-parameter"><extension url="code"><valueString value="template-md"/></extension><extension url="value"><valueString value="template-page-md.html"/></extension></extension><extension url="http://hl7.org/fhir/tools/StructureDefinition/ig-parameter"><extension url="code"><valueString value="apply-contact"/></extension><extension url="value"><valueString value="true"/></extension></extension><extension url="http://hl7.org/fhir/tools/StructureDefinition/ig-parameter"><extension url="code"><valueString value="apply-context"/></extension><extension url="value"><valueString value="true"/></extension></extension><extension url="http://hl7.org/fhir/tools/StructureDefinition/ig-parameter"><extension url="code"><valueString value="apply-copyright"/></extension><extension url="value"><valueString value="true"/></extension></extension><extension url="http://hl7.org/fhir/tools/StructureDefinition/ig-parameter"><extension url="code"><valueString value="apply-jurisdiction"/></extension><extension url="value"><valueString value="true"/></extension></extension><extension url="http://hl7.org/fhir/tools/StructureDefinition/ig-parameter"><extension url="code"><valueString value="apply-license"/></extension><extension url="value"><valueString value="true"/></extension></extension><extension url="http://hl7.org/fhir/tools/StructureDefinition/ig-parameter"><extension url="code"><valueString value="apply-publisher"/></extension><extension url="value"><valueString value="true"/></extension></extension><extension url="http://hl7.org/fhir/tools/StructureDefinition/ig-parameter"><extension url="code"><valueString value="apply-version"/></extension><extension url="value"><valueString value="true"/></extension></extension><extension url="http://hl7.org/fhir/tools/StructureDefinition/ig-parameter"><extension url="code"><valueString value="active-tables"/></extension><extension url="value"><valueString value="true"/></extension></extension><extension url="http://hl7.org/fhir/tools/StructureDefinition/ig-parameter"><extension url="code"><valueString value="fmm-definition"/></extension><extension url="value"><valueString value="http://hl7.org/fhir/versions.html#maturity"/></extension></extension><extension url="http://hl7.org/fhir/tools/StructureDefinition/ig-parameter"><extension url="code"><valueString value="propagate-status"/></extension><extension url="value"><valueString value="true"/></extension></extension><extension url="http://hl7.org/fhir/tools/StructureDefinition/ig-parameter"><extension url="code"><valueString value="excludelogbinaryformat"/></extension><extension url="value"><valueString value="true"/></extension></extension><extension url="http://hl7.org/fhir/tools/StructureDefinition/ig-parameter"><extension url="code"><valueString value="tabbed-snapshots"/></extension><extension url="value"><valueString value="true"/></extension></extension><extension url="http://hl7.org/fhir/tools/StructureDefinition/ig-internal-dependency"><valueCode value="hl7.fhir.uv.tools#current"/></extension><extension url="http://hl7.org/fhir/tools/StructureDefinition/ig-parameter"><extension url="code"><valueCode value="copyrightyear"/></extension><extension url="value"><valueString value="2021+"/></extension></extension><extension url="http://hl7.org/fhir/tools/StructureDefinition/ig-parameter"><extension url="code"><valueCode value="releaselabel"/></extension><extension url="value"><valueString value="CI Build"/></extension></extension><extension url="http://hl7.org/fhir/tools/StructureDefinition/ig-parameter"><extension url="code"><valueCode value="autoload-resources"/></extension><extension url="value"><valueString value="true"/></extension></extension><extension url="http://hl7.org/fhir/tools/StructureDefinition/ig-parameter"><extension url="code"><valueCode value="path-liquid"/></extension><extension url="value"><valueString value="template/liquid"/></extension></extension><extension url="http://hl7.org/fhir/tools/StructureDefinition/ig-parameter"><extension url="code"><valueCode value="path-liquid"/></extension><extension url="value"><valueString value="input/liquid"/></extension></extension><extension url="http://hl7.org/fhir/tools/StructureDefinition/ig-parameter"><extension url="code"><valueCode value="path-qa"/></extension><extension url="value"><valueString value="temp/qa"/></extension></extension><extension url="http://hl7.org/fhir/tools/StructureDefinition/ig-parameter"><extension url="code"><valueCode value="path-temp"/></extension><extension url="value"><valueString value="temp/pages"/></extension></extension><extension url="http://hl7.org/fhir/tools/StructureDefinition/ig-parameter"><extension url="code"><valueCode value="path-output"/></extension><extension url="value"><valueString value="output"/></extension></extension><extension url="http://hl7.org/fhir/tools/StructureDefinition/ig-parameter"><extension url="code"><valueCode value="path-suppressed-warnings"/></extension><extension url="value"><valueString value="input/ignoreWarnings.txt"/></extension></extension><extension url="http://hl7.org/fhir/tools/StructureDefinition/ig-parameter"><extension url="code"><valueCode value="path-history"/></extension><extension url="value"><valueString value="http://ritikarawlani.github.io/smart-outbreak-measles/history.html"/></extension></extension><extension url="http://hl7.org/fhir/tools/StructureDefinition/ig-parameter"><extension url="code"><valueCode value="template-html"/></extension><extension url="value"><valueString value="template-page.html"/></extension></extension><extension url="http://hl7.org/fhir/tools/StructureDefinition/ig-parameter"><extension url="code"><valueCode value="template-md"/></extension><extension url="value"><valueString value="template-page-md.html"/></extension></extension><extension url="http://hl7.org/fhir/tools/StructureDefinition/ig-parameter"><extension url="code"><valueCode value="apply-contact"/></extension><extension url="value"><valueString value="true"/></extension></extension><extension url="http://hl7.org/fhir/tools/StructureDefinition/ig-parameter"><extension url="code"><valueCode value="apply-context"/></extension><extension url="value"><valueString value="true"/></extension></extension><extension url="http://hl7.org/fhir/tools/StructureDefinition/ig-parameter"><extension url="code"><valueCode value="apply-copyright"/></extension><extension url="value"><valueString value="true"/></extension></extension><extension url="http://hl7.org/fhir/tools/StructureDefinition/ig-parameter"><extension url="code"><valueCode value="apply-jurisdiction"/></extension><extension url="value"><valueString value="true"/></extension></extension><extension url="http://hl7.org/fhir/tools/StructureDefinition/ig-parameter"><extension url="code"><valueCode value="apply-license"/></extension><extension url="value"><valueString value="true"/></extension></extension><extension url="http://hl7.org/fhir/tools/StructureDefinition/ig-parameter"><extension url="code"><valueCode value="apply-publisher"/></extension><extension url="value"><valueString value="true"/></extension></extension><extension url="http://hl7.org/fhir/tools/StructureDefinition/ig-parameter"><extension url="code"><valueCode value="apply-version"/></extension><extension url="value"><valueString value="true"/></extension></extension><extension url="http://hl7.org/fhir/tools/StructureDefinition/ig-parameter"><extension url="code"><valueCode value="active-tables"/></extension><extension url="value"><valueString value="true"/></extension></extension><extension url="http://hl7.org/fhir/tools/StructureDefinition/ig-parameter"><extension url="code"><valueCode value="fmm-definition"/></extension><extension url="value"><valueString value="http://hl7.org/fhir/versions.html#maturity"/></extension></extension><extension url="http://hl7.org/fhir/tools/StructureDefinition/ig-parameter"><extension url="code"><valueCode value="propagate-status"/></extension><extension url="value"><valueString value="true"/></extension></extension><extension url="http://hl7.org/fhir/tools/StructureDefinition/ig-parameter"><extension url="code"><valueCode value="excludelogbinaryformat"/></extension><extension url="value"><valueString value="true"/></extension></extension><extension url="http://hl7.org/fhir/tools/StructureDefinition/ig-parameter"><extension url="code"><valueCode value="tabbed-snapshots"/></extension><extension url="value"><valueString value="true"/></extension></extension><extension url="http://hl7.org/fhir/tools/StructureDefinition/ig-parameter"><extension url="code"><valueCode value="copyrightyear"/></extension><extension url="value"><valueString value="2021+"/></extension></extension><extension url="http://hl7.org/fhir/tools/StructureDefinition/ig-parameter"><extension url="code"><valueCode value="releaselabel"/></extension><extension url="value"><valueString value="CI Build"/></extension></extension><extension url="http://hl7.org/fhir/tools/StructureDefinition/ig-parameter"><extension url="code"><valueCode value="autoload-resources"/></extension><extension url="value"><valueString value="true"/></extension></extension><extension url="http://hl7.org/fhir/tools/StructureDefinition/ig-parameter"><extension url="code"><valueCode value="path-liquid"/></extension><extension url="value"><valueString value="template/liquid"/></extension></extension><extension url="http://hl7.org/fhir/tools/StructureDefinition/ig-parameter"><extension url="code"><valueCode value="path-liquid"/></extension><extension url="value"><valueString value="input/liquid"/></extension></extension><extension url="http://hl7.org/fhir/tools/StructureDefinition/ig-parameter"><extension url="code"><valueCode value="path-qa"/></extension><extension url="value"><valueString value="temp/qa"/></extension></extension><extension url="http://hl7.org/fhir/tools/StructureDefinition/ig-parameter"><extension url="code"><valueCode value="path-temp"/></extension><extension url="value"><valueString value="temp/pages"/></extension></extension><extension url="http://hl7.org/fhir/tools/StructureDefinition/ig-parameter"><extension url="code"><valueCode value="path-output"/></extension><extension url="value"><valueString value="output"/></extension></extension><extension url="http://hl7.org/fhir/tools/StructureDefinition/ig-parameter"><extension url="code"><valueCode value="path-suppressed-warnings"/></extension><extension url="value"><valueString value="input/ignoreWarnings.txt"/></extension></extension><extension url="http://hl7.org/fhir/tools/StructureDefinition/ig-parameter"><extension url="code"><valueCode value="path-history"/></extension><extension url="value"><valueString value="http://ritikarawlani.github.io/smart-outbreak-measles/history.html"/></extension></extension><extension url="http://hl7.org/fhir/tools/StructureDefinition/ig-parameter"><extension url="code"><valueCode value="template-html"/></extension><extension url="value"><valueString value="template-page.html"/></extension></extension><extension url="http://hl7.org/fhir/tools/StructureDefinition/ig-parameter"><extension url="code"><valueCode value="template-md"/></extension><extension url="value"><valueString value="template-page-md.html"/></extension></extension><extension url="http://hl7.org/fhir/tools/StructureDefinition/ig-parameter"><extension url="code"><valueCode value="apply-contact"/></extension><extension url="value"><valueString value="true"/></extension></extension><extension url="http://hl7.org/fhir/tools/StructureDefinition/ig-parameter"><extension url="code"><valueCode value="apply-context"/></extension><extension url="value"><valueString value="true"/></extension></extension><extension url="http://hl7.org/fhir/tools/StructureDefinition/ig-parameter"><extension url="code"><valueCode value="apply-copyright"/></extension><extension url="value"><valueString value="true"/></extension></extension><extension url="http://hl7.org/fhir/tools/StructureDefinition/ig-parameter"><extension url="code"><valueCode value="apply-jurisdiction"/></extension><extension url="value"><valueString value="true"/></extension></extension><extension url="http://hl7.org/fhir/tools/StructureDefinition/ig-parameter"><extension url="code"><valueCode value="apply-license"/></extension><extension url="value"><valueString value="true"/></extension></extension><extension url="http://hl7.org/fhir/tools/StructureDefinition/ig-parameter"><extension url="code"><valueCode value="apply-publisher"/></extension><extension url="value"><valueString value="true"/></extension></extension><extension url="http://hl7.org/fhir/tools/StructureDefinition/ig-parameter"><extension url="code"><valueCode value="apply-version"/></extension><extension url="value"><valueString value="true"/></extension></extension><extension url="http://hl7.org/fhir/tools/StructureDefinition/ig-parameter"><extension url="code"><valueCode value="active-tables"/></extension><extension url="value"><valueString value="true"/></extension></extension><extension url="http://hl7.org/fhir/tools/StructureDefinition/ig-parameter"><extension url="code"><valueCode value="fmm-definition"/></extension><extension url="value"><valueString value="http://hl7.org/fhir/versions.html#maturity"/></extension></extension><extension url="http://hl7.org/fhir/tools/StructureDefinition/ig-parameter"><extension url="code"><valueCode value="propagate-status"/></extension><extension url="value"><valueString value="true"/></extension></extension><extension url="http://hl7.org/fhir/tools/StructureDefinition/ig-parameter"><extension url="code"><valueCode value="excludelogbinaryformat"/></extension><extension url="value"><valueString value="true"/></extension></extension><extension url="http://hl7.org/fhir/tools/StructureDefinition/ig-parameter"><extension url="code"><valueCode value="tabbed-snapshots"/></extension><extension url="value"><valueString value="true"/></extension></extension><grouping id="-str-logicalmodel"><name value="Structures: Logical Models"/><description value="These define data models that represent the domain covered by this implementation guide in more business-friendly terms than the underlying FHIR resources."/></grouping><grouping id="-str-questionnaire"><name value="Structures: Questionnaires"/><description value="These define forms used by systems conforming to this implementation guide to capture or expose data to end users."/></grouping><grouping id="-term-valueset"><name value="Terminology: Value Sets"/><description value="These define sets of codes used by systems conforming to this implementation guide."/></grouping><grouping id="-term-codesystem"><name value="Terminology: Code Systems"/><description value="These define new code systems used by systems conforming to this implementation guide."/></grouping><resource><extension url="http://hl7.org/fhir/StructureDefinition/implementationguide-page"><valueUri value="StructureDefinition-SOTMeasles.html"/></extension><reference><reference value="StructureDefinition/SOTMeasles"/></reference><name value="Surveillance &amp; Outbreak Toolkit Measles"/><exampleBoolean value="false"/><groupingId value="-str-logicalmodel"/></resource><resource><extension url="http://hl7.org/fhir/StructureDefinition/implementationguide-page"><valueUri value="StructureDefinition-SOTMeaslesClassification.html"/></extension><reference><reference value="StructureDefinition/SOTMeaslesClassification"/></reference><name value="Surveillance &amp; Outbreak Toolkit Measles- Classification"/><exampleBoolean value="false"/><groupingId value="-str-logicalmodel"/></resource><resource><extension url="http://hl7.org/fhir/StructureDefinition/implementationguide-page"><valueUri value="StructureDefinition-SOTMeaslesClinical.html"/></extension><reference><reference value="StructureDefinition/SOTMeaslesClinical"/></reference><name value="Surveillance &amp; Outbreak Toolkit Measles- Clinical"/><exampleBoolean value="false"/><groupingId value="-str-logicalmodel"/></resource><resource><extension url="http://hl7.org/fhir/StructureDefinition/implementationguide-page"><valueUri value="StructureDefinition-SOTMeaslesContactTracing.html"/></extension><reference><reference value="StructureDefinition/SOTMeaslesContactTracing"/></reference><name value="Surveillance &amp; Outbreak Toolkit Measles- Contact Tracing"/><exampleBoolean value="false"/><groupingId value="-str-logicalmodel"/></resource><resource><extension url="http://hl7.org/fhir/StructureDefinition/implementationguide-page"><valueUri value="StructureDefinition-SOTMeaslesDemographic.html"/></extension><reference><reference value="StructureDefinition/SOTMeaslesDemographic"/></reference><name value="Surveillance &amp; Outbreak Toolkit Measles- Demographics"/><exampleBoolean value="false"/><groupingId value="-str-logicalmodel"/></resource><resource><extension url="http://hl7.org/fhir/StructureDefinition/implementationguide-page"><valueUri value="StructureDefinition-SOTMeaslesEpiData.html"/></extension><reference><reference value="StructureDefinition/SOTMeaslesEpiData"/></reference><name value="Surveillance &amp; Outbreak Toolkit Measles- Epidemiological Data"/><exampleBoolean value="false"/><groupingId value="-str-logicalmodel"/></resource><resource><extension url="http://hl7.org/fhir/StructureDefinition/implementationguide-page"><valueUri value="StructureDefinition-SOTMeaslesLaboratoryResults.html"/></extension><reference><reference value="StructureDefinition/SOTMeaslesLaboratoryResults"/></reference><name value="Surveillance &amp; Outbreak Toolkit Measles- Laboratory Resultss"/><exampleBoolean value="false"/><groupingId value="-str-logicalmodel"/></resource><resource><extension url="http://hl7.org/fhir/StructureDefinition/implementationguide-page"><valueUri value="StructureDefinition-SOTMeaslesReportingSource.html"/></extension><reference><reference value="StructureDefinition/SOTMeaslesReportingSource"/></reference><name value="Surveillance &amp; Outbreak Toolkit Measles- Reporting Source"/><exampleBoolean value="false"/><groupingId value="-str-logicalmodel"/></resource><resource><extension url="http://hl7.org/fhir/StructureDefinition/implementationguide-page"><valueUri value="StructureDefinition-SOTMeaslesVaccinationStatus.html"/></extension><reference><reference value="StructureDefinition/SOTMeaslesVaccinationStatus"/></reference><name value="Surveillance &amp; Outbreak Toolkit Measles- Vaccination Statuss"/><exampleBoolean value="false"/><groupingId value="-str-logicalmodel"/></resource><resource><extension url="http://hl7.org/fhir/StructureDefinition/implementationguide-page"><valueUri value="StructureDefinition-SOTT1.html"/></extension><reference><reference value="StructureDefinition/SOTT1"/></reference><name value="Surveillance &amp; Outbreak Toolkit T1"/><exampleBoolean value="false"/><groupingId value="-str-logicalmodel"/></resource><resource><extension url="http://hl7.org/fhir/StructureDefinition/implementationguide-page"><valueUri value="StructureDefinition-SOTT1CaseInfo.html"/></extension><reference><reference value="StructureDefinition/SOTT1CaseInfo"/></reference><name value="Surveillance &amp; Outbreak Toolkit T1  Case Information"/><exampleBoolean value="false"/><groupingId value="-str-logicalmodel"/></resource><resource><extension url="http://hl7.org/fhir/StructureDefinition/implementationguide-page"><valueUri value="StructureDefinition-SOTT1Clinical.html"/></extension><reference><reference value="StructureDefinition/SOTT1Clinical"/></reference><name value="Surveillance &amp; Outbreak Toolkit T1 Clinical"/><exampleBoolean value="false"/><groupingId value="-str-logicalmodel"/></resource><resource><extension url="http://hl7.org/fhir/StructureDefinition/implementationguide-page"><valueUri value="StructureDefinition-SOTT1Conclusion.html"/></extension><reference><reference value="StructureDefinition/SOTT1Conclusion"/></reference><name value="Surveillance &amp; Outbreak Toolkit T1  Conclusion"/><exampleBoolean value="false"/><groupingId value="-str-logicalmodel"/></resource><resource><extension url="http://hl7.org/fhir/StructureDefinition/implementationguide-page"><valueUri value="StructureDefinition-SOTT1Exposure.html"/></extension><reference><reference value="StructureDefinition/SOTT1Exposure"/></reference><name value="Surveillance &amp; Outbreak Toolkit T1  Exposure"/><exampleBoolean value="false"/><groupingId value="-str-logicalmodel"/></resource><resource><extension url="http://hl7.org/fhir/StructureDefinition/implementationguide-page"><valueUri value="StructureDefinition-SOTT1Laboratory.html"/></extension><reference><reference value="StructureDefinition/SOTT1Laboratory"/></reference><name value="Surveillance &amp; Outbreak Toolkit T1 - Laboratory"/><exampleBoolean value="false"/><groupingId value="-str-logicalmodel"/></resource><resource><extension url="http://hl7.org/fhir/StructureDefinition/implementationguide-page"><valueUri value="StructureDefinition-SOTT1NotificationInterview.html"/></extension><reference><reference value="StructureDefinition/SOTT1NotificationInterview"/></reference><name value="Surveillance &amp; Outbreak Toolkit T1  Notification Interview"/><exampleBoolean value="false"/><groupingId value="-str-logicalmodel"/></resource><resource><extension url="http://hl7.org/fhir/StructureDefinition/implementationguide-page"><valueUri value="ValueSet-DetectedBy.html"/></extension><reference><reference value="ValueSet/DetectedBy"/></reference><name value="SOT Measles Detected By"/><exampleBoolean value="false"/><groupingId value="-term-valueset"/></resource><resource><extension url="http://hl7.org/fhir/StructureDefinition/implementationguide-page"><valueUri value="ValueSet-InitDiag.html"/></extension><reference><reference value="ValueSet/InitDiag"/></reference><name value="SOT Measles Initial Diagnosis"/><exampleBoolean value="false"/><groupingId value="-term-valueset"/></resource><resource><extension url="http://hl7.org/fhir/StructureDefinition/implementationguide-page"><valueUri value="ValueSet-LocType.html"/></extension><reference><reference value="ValueSet/LocType"/></reference><name value="SOT Measles Locality Type"/><exampleBoolean value="false"/><groupingId value="-term-valueset"/></resource><resource><extension url="http://hl7.org/fhir/StructureDefinition/implementationguide-page"><valueUri value="ValueSet-ProvType.html"/></extension><reference><reference value="ValueSet/ProvType"/></reference><name value="SOT Measles Provider Type"/><exampleBoolean value="false"/><groupingId value="-term-valueset"/></resource><resource><extension url="http://hl7.org/fhir/StructureDefinition/implementationguide-page"><valueUri value="CodeSystem-DetectedByCs.html"/></extension><reference><reference value="CodeSystem/DetectedByCs"/></reference><name value="Detected By Code System"/><description value="Detected By Code System"/><exampleBoolean value="false"/><groupingId value="-term-codesystem"/></resource><resource><extension url="http://hl7.org/fhir/StructureDefinition/implementationguide-page"><valueUri value="CodeSystem-InitDiagCs.html"/></extension><reference><reference value="CodeSystem/InitDiagCs"/></reference><name value="Initial Diagnosis Code System"/><description value="Initial Diagnosis Code System"/><exampleBoolean value="false"/><groupingId value="-term-codesystem"/></resource><resource><extension url="http://hl7.org/fhir/StructureDefinition/implementationguide-page"><valueUri value="CodeSystem-LocTypeCs.html"/></extension><reference><reference value="CodeSystem/LocTypeCs"/></reference><name value="Locality Type Code System"/><description value="Locality Type Code System"/><exampleBoolean value="false"/><groupingId value="-term-codesystem"/></resource><resource><extension url="http://hl7.org/fhir/StructureDefinition/implementationguide-page"><valueUri value="CodeSystem-ProvTypeCs.html"/></extension><reference><reference value="CodeSystem/ProvTypeCs"/></reference><name value="Type of Provider Code System"/><description value="Type of Provider Code System"/><exampleBoolean value="false"/><groupingId value="-term-codesystem"/></resource><resource><extension url="http://hl7.org/fhir/StructureDefinition/implementationguide-page"><valueUri value="Questionnaire-Questionnaire-SOTMeasles.html"/></extension><extension url="http://hl7.org/fhir/tools/StructureDefinition/contained-resource-information"><extension url="type"><valueCode value="ValueSet"/></extension><extension url="id"><valueId value="InitDiag"/></extension><extension url="title"><valueString value="ValueSet"/></extension><extension url="description"/></extension><reference><reference value="Questionnaire/Questionnaire-SOTMeasles"/></reference><name value="Measles Case Investigation Questionnaire"/><description value="Measles Case Investigation Questionnaire"/><exampleBoolean value="false"/><groupingId value="-str-questionnaire"/></resource><resource><extension url="http://hl7.org/fhir/StructureDefinition/implementationguide-page"><valueUri value="Questionnaire-Questionnaire-SOTT0CaseInvestigationForm.html"/></extension><reference><reference value="Questionnaire/Questionnaire-SOTT0CaseInvestigationForm"/></reference><name value="T0 Case Investigation Questionnaire"/><description value="T0 Case Investigation Questionnaire"/><exampleBoolean value="false"/><groupingId value="-str-questionnaire"/></resource><page><extension url="http://hl7.org/fhir/tools/StructureDefinition/ig-page-name"><valueUrl value="toc.html"/></extension><nameUrl value="toc.html"/><title value="Table of Contents"/><generation value="html"/><page><extension url="http://hl7.org/fhir/tools/StructureDefinition/ig-page-name"><valueUrl value="index.html"/></extension><nameUrl value="index.html"/><title value="Home"/><generation value="html"/></page><page><extension url="http://hl7.org/fhir/tools/StructureDefinition/ig-page-name"><valueUrl value="actors.html"/></extension><nameUrl value="actors.html"/><title value="Actors"/><generation value="html"/></page><page><extension url="http://hl7.org/fhir/tools/StructureDefinition/ig-page-name"><valueUrl value="adapting_guidelines.html"/></extension><nameUrl value="adapting_guidelines.html"/><title value="Adapting Guidelines"/><generation value="html"/></page><page><extension url="http://hl7.org/fhir/tools/StructureDefinition/ig-page-name"><valueUrl value="background.html"/></extension><nameUrl value="background.html"/><title value="Background"/><generation value="html"/></page><page><extension url="http://hl7.org/fhir/tools/StructureDefinition/ig-page-name"><valueUrl value="business_process.html"/></extension><nameUrl value="business_process.html"/><title value="Business Process"/><generation value="html"/></page><page><extension url="http://hl7.org/fhir/tools/StructureDefinition/ig-page-name"><valueUrl value="changes.html"/></extension><nameUrl value="changes.html"/><title value="Changes"/><generation value="html"/></page><page><extension url="http://hl7.org/fhir/tools/StructureDefinition/ig-page-name"><valueUrl value="checklist.html"/></extension><nameUrl value="checklist.html"/><title value="Checklist"/><generation value="html"/></page><page><extension url="http://hl7.org/fhir/tools/StructureDefinition/ig-page-name"><valueUrl value="community.html"/></extension><nameUrl value="community.html"/><title value="Community"/><generation value="html"/></page><page><extension url="http://hl7.org/fhir/tools/StructureDefinition/ig-page-name"><valueUrl value="concepts.html"/></extension><nameUrl value="concepts.html"/><title value="Concepts"/><generation value="html"/></page><page><extension url="http://hl7.org/fhir/tools/StructureDefinition/ig-page-name"><valueUrl value="content_profiles.html"/></extension><nameUrl value="content_profiles.html"/><title value="Content Profiles"/><generation value="html"/></page><page><extension url="http://hl7.org/fhir/tools/StructureDefinition/ig-page-name"><valueUrl value="data_exchange.html"/></extension><nameUrl value="data_exchange.html"/><title value="Data Exchange"/><generation value="html"/></page><page><extension url="http://hl7.org/fhir/tools/StructureDefinition/ig-page-name"><valueUrl value="decision_support.html"/></extension><nameUrl value="decision_support.html"/><title value="Decision Support"/><generation value="html"/></page><page><extension url="http://hl7.org/fhir/tools/StructureDefinition/ig-page-name"><valueUrl value="dependencies.html"/></extension><nameUrl value="dependencies.html"/><title value="Dependencies"/><generation value="html"/></page><page><extension url="http://hl7.org/fhir/tools/StructureDefinition/ig-page-name"><valueUrl value="deployment.html"/></extension><nameUrl value="deployment.html"/><title value="Deployment"/><generation value="html"/></page><page><extension url="http://hl7.org/fhir/tools/StructureDefinition/ig-page-name"><valueUrl value="dictionary.html"/></extension><nameUrl value="dictionary.html"/><title value="Dictionary"/><generation value="html"/></page><page><extension url="http://hl7.org/fhir/tools/StructureDefinition/ig-page-name"><valueUrl value="disclaimer.html"/></extension><nameUrl value="disclaimer.html"/><title value="Disclaimer"/><generation value="html"/></page><page><extension url="http://hl7.org/fhir/tools/StructureDefinition/ig-page-name"><valueUrl value="downloads.html"/></extension><nameUrl value="downloads.html"/><title value="Downloads"/><generation value="html"/></page><page><extension url="http://hl7.org/fhir/tools/StructureDefinition/ig-page-name"><valueUrl value="feedback.html"/></extension><nameUrl value="feedback.html"/><title value="Feedback"/><generation value="html"/></page><page><extension url="http://hl7.org/fhir/tools/StructureDefinition/ig-page-name"><valueUrl value="functional.html"/></extension><nameUrl value="functional.html"/><title value="Functional"/><generation value="html"/></page><page><extension url="http://hl7.org/fhir/tools/StructureDefinition/ig-page-name"><valueUrl value="indicators.html"/></extension><nameUrl value="indicators.html"/><title value="Indicators"/><generation value="html"/></page><page><extension url="http://hl7.org/fhir/tools/StructureDefinition/ig-page-name"><valueUrl value="instructions.html"/></extension><nameUrl value="instructions.html"/><title value="Instructions"/><generation value="html"/></page><page><extension url="http://hl7.org/fhir/tools/StructureDefinition/ig-page-name"><valueUrl value="layers.html"/></extension><nameUrl value="layers.html"/><title value="Layers"/><generation value="html"/></page><page><extension url="http://hl7.org/fhir/tools/StructureDefinition/ig-page-name"><valueUrl value="license.html"/></extension><nameUrl value="license.html"/><title value="License"/><generation value="html"/></page><page><extension url="http://hl7.org/fhir/tools/StructureDefinition/ig-page-name"><valueUrl value="maps.html"/></extension><nameUrl value="maps.html"/><title value="Maps"/><generation value="html"/></page><page><extension url="http://hl7.org/fhir/tools/StructureDefinition/ig-page-name"><valueUrl value="nonfunctional.html"/></extension><nameUrl value="nonfunctional.html"/><title value="Nonfunctional"/><generation value="html"/></page><page><extension url="http://hl7.org/fhir/tools/StructureDefinition/ig-page-name"><valueUrl value="personas.html"/></extension><nameUrl value="personas.html"/><title value="Personas"/><generation value="html"/></page><page><extension url="http://hl7.org/fhir/tools/StructureDefinition/ig-page-name"><valueUrl value="reference_implementation.html"/></extension><nameUrl value="reference_implementation.html"/><title value="Reference Implementation"/><generation value="html"/></page><page><extension url="http://hl7.org/fhir/tools/StructureDefinition/ig-page-name"><valueUrl value="references.html"/></extension><nameUrl value="references.html"/><title value="References"/><generation value="html"/></page><page><extension url="http://hl7.org/fhir/tools/StructureDefinition/ig-page-name"><valueUrl value="requirements.html"/></extension><nameUrl value="requirements.html"/><title value="Requirements"/><generation value="html"/></page><page><extension url="http://hl7.org/fhir/tools/StructureDefinition/ig-page-name"><valueUrl value="security_privacy.html"/></extension><nameUrl value="security_privacy.html"/><title value="Security Privacy"/><generation value="html"/></page><page><extension url="http://hl7.org/fhir/tools/StructureDefinition/ig-page-name"><valueUrl value="support.html"/></extension><nameUrl value="support.html"/><title value="Support"/><generation value="html"/></page><page><extension url="http://hl7.org/fhir/tools/StructureDefinition/ig-page-name"><valueUrl value="testing.html"/></extension><nameUrl value="testing.html"/><title value="Testing"/><generation value="html"/></page><page><extension url="http://hl7.org/fhir/tools/StructureDefinition/ig-page-name"><valueUrl value="transactions.html"/></extension><nameUrl value="transactions.html"/><title value="Transactions"/><generation value="html"/></page><page><extension url="http://hl7.org/fhir/tools/StructureDefinition/ig-page-name"><valueUrl value="usecases.html"/></extension><nameUrl value="usecases.html"/><title value="Usecases"/><generation value="html"/></page><page><extension url="http://hl7.org/fhir/tools/StructureDefinition/ig-page-name"><valueUrl value="workflows.html"/></extension><nameUrl value="workflows.html"/><title value="Workflows"/><generation value="html"/></page><page><extension url="http://hl7.org/fhir/tools/StructureDefinition/ig-page-name"><valueUrl value="artifacts.html"/></extension><nameUrl value="artifacts.html"/><title value="Artifacts Summary"/><generation value="html"/><page><extension url="http://hl7.org/fhir/tools/StructureDefinition/ig-page-name"><valueUrl value="StructureDefinition-SOTMeasles.html"/></extension><nameUrl value="StructureDefinition-SOTMeasles.html"/><title value="Surveillance &amp; Outbreak Toolkit Measles"/><generation value="generated"/></page><page><extension url="http://hl7.org/fhir/tools/StructureDefinition/ig-page-name"><valueUrl value="StructureDefinition-SOTMeaslesClassification.html"/></extension><nameUrl value="StructureDefinition-SOTMeaslesClassification.html"/><title value="Surveillance &amp; Outbreak Toolkit Measles- Classification"/><generation value="generated"/></page><page><extension url="http://hl7.org/fhir/tools/StructureDefinition/ig-page-name"><valueUrl value="StructureDefinition-SOTMeaslesClinical.html"/></extension><nameUrl value="StructureDefinition-SOTMeaslesClinical.html"/><title value="Surveillance &amp; Outbreak Toolkit Measles- Clinical"/><generation value="generated"/></page><page><extension url="http://hl7.org/fhir/tools/StructureDefinition/ig-page-name"><valueUrl value="StructureDefinition-SOTMeaslesContactTracing.html"/></extension><nameUrl value="StructureDefinition-SOTMeaslesContactTracing.html"/><title value="Surveillance &amp; Outbreak Toolkit Measles- Contact Tracing"/><generation value="generated"/></page><page><extension url="http://hl7.org/fhir/tools/StructureDefinition/ig-page-name"><valueUrl value="StructureDefinition-SOTMeaslesDemographic.html"/></extension><nameUrl value="StructureDefinition-SOTMeaslesDemographic.html"/><title value="Surveillance &amp; Outbreak Toolkit Measles- Demographics"/><generation value="generated"/></page><page><extension url="http://hl7.org/fhir/tools/StructureDefinition/ig-page-name"><valueUrl value="StructureDefinition-SOTMeaslesEpiData.html"/></extension><nameUrl value="StructureDefinition-SOTMeaslesEpiData.html"/><title value="Surveillance &amp; Outbreak Toolkit Measles- Epidemiological Data"/><generation value="generated"/></page><page><extension url="http://hl7.org/fhir/tools/StructureDefinition/ig-page-name"><valueUrl value="StructureDefinition-SOTMeaslesLaboratoryResults.html"/></extension><nameUrl value="StructureDefinition-SOTMeaslesLaboratoryResults.html"/><title value="Surveillance &amp; Outbreak Toolkit Measles- Laboratory Resultss"/><generation value="generated"/></page><page><extension url="http://hl7.org/fhir/tools/StructureDefinition/ig-page-name"><valueUrl value="StructureDefinition-SOTMeaslesReportingSource.html"/></extension><nameUrl value="StructureDefinition-SOTMeaslesReportingSource.html"/><title value="Surveillance &amp; Outbreak Toolkit Measles- Reporting Source"/><generation value="generated"/></page><page><extension url="http://hl7.org/fhir/tools/StructureDefinition/ig-page-name"><valueUrl value="StructureDefinition-SOTMeaslesVaccinationStatus.html"/></extension><nameUrl value="StructureDefinition-SOTMeaslesVaccinationStatus.html"/><title value="Surveillance &amp; Outbreak Toolkit Measles- Vaccination Statuss"/><generation value="generated"/></page><page><extension url="http://hl7.org/fhir/tools/StructureDefinition/ig-page-name"><valueUrl value="StructureDefinition-SOTT1.html"/></extension><nameUrl value="StructureDefinition-SOTT1.html"/><title value="Surveillance &amp; Outbreak Toolkit T1"/><generation value="generated"/></page><page><extension url="http://hl7.org/fhir/tools/StructureDefinition/ig-page-name"><valueUrl value="StructureDefinition-SOTT1CaseInfo.html"/></extension><nameUrl value="StructureDefinition-SOTT1CaseInfo.html"/><title value="Surveillance &amp; Outbreak Toolkit T1  Case Information"/><generation value="generated"/></page><page><extension url="http://hl7.org/fhir/tools/StructureDefinition/ig-page-name"><valueUrl value="StructureDefinition-SOTT1Clinical.html"/></extension><nameUrl value="StructureDefinition-SOTT1Clinical.html"/><title value="Surveillance &amp; Outbreak Toolkit T1 Clinical"/><generation value="generated"/></page><page><extension url="http://hl7.org/fhir/tools/StructureDefinition/ig-page-name"><valueUrl value="StructureDefinition-SOTT1Conclusion.html"/></extension><nameUrl value="StructureDefinition-SOTT1Conclusion.html"/><title value="Surveillance &amp; Outbreak Toolkit T1  Conclusion"/><generation value="generated"/></page><page><extension url="http://hl7.org/fhir/tools/StructureDefinition/ig-page-name"><valueUrl value="StructureDefinition-SOTT1Exposure.html"/></extension><nameUrl value="StructureDefinition-SOTT1Exposure.html"/><title value="Surveillance &amp; Outbreak Toolkit T1  Exposure"/><generation value="generated"/></page><page><extension url="http://hl7.org/fhir/tools/StructureDefinition/ig-page-name"><valueUrl value="StructureDefinition-SOTT1Laboratory.html"/></extension><nameUrl value="StructureDefinition-SOTT1Laboratory.html"/><title value="Surveillance &amp; Outbreak Toolkit T1 - Laboratory"/><generation value="generated"/></page><page><extension url="http://hl7.org/fhir/tools/StructureDefinition/ig-page-name"><valueUrl value="StructureDefinition-SOTT1NotificationInterview.html"/></extension><nameUrl value="StructureDefinition-SOTT1NotificationInterview.html"/><title value="Surveillance &amp; Outbreak Toolkit T1  Notification Interview"/><generation value="generated"/></page><page><extension url="http://hl7.org/fhir/tools/StructureDefinition/ig-page-name"><valueUrl value="Questionnaire-Questionnaire-SOTMeasles.html"/></extension><nameUrl value="Questionnaire-Questionnaire-SOTMeasles.html"/><title value="Measles Case Investigation Questionnaire"/><generation value="generated"/><page><extension url="http://hl7.org/fhir/tools/StructureDefinition/ig-page-name"><valueUrl value="ValueSet-Questionnaire-SOTMeasles_InitDiag.html"/></extension><nameUrl value="ValueSet-Questionnaire-SOTMeasles_InitDiag.html"/><title value="ValueSet"/><generation value="generated"/></page></page><page><extension url="http://hl7.org/fhir/tools/StructureDefinition/ig-page-name"><valueUrl value="Questionnaire-Questionnaire-SOTT0CaseInvestigationForm.html"/></extension><nameUrl value="Questionnaire-Questionnaire-SOTT0CaseInvestigationForm.html"/><title value="T0 Case Investigation Questionnaire"/><generation value="generated"/></page><page><extension url="http://hl7.org/fhir/tools/StructureDefinition/ig-page-name"><valueUrl value="ValueSet-DetectedBy.html"/></extension><nameUrl value="ValueSet-DetectedBy.html"/><title value="SOT Measles Detected By"/><generation value="generated"/></page><page><extension url="http://hl7.org/fhir/tools/StructureDefinition/ig-page-name"><valueUrl value="ValueSet-InitDiag.html"/></extension><nameUrl value="ValueSet-InitDiag.html"/><title value="SOT Measles Initial Diagnosis"/><generation value="generated"/></page><page><extension url="http://hl7.org/fhir/tools/StructureDefinition/ig-page-name"><valueUrl value="ValueSet-LocType.html"/></extension><nameUrl value="ValueSet-LocType.html"/><title value="SOT Measles Locality Type"/><generation value="generated"/></page><page><extension url="http://hl7.org/fhir/tools/StructureDefinition/ig-page-name"><valueUrl value="ValueSet-ProvType.html"/></extension><nameUrl value="ValueSet-ProvType.html"/><title value="SOT Measles Provider Type"/><generation value="generated"/></page><page><extension url="http://hl7.org/fhir/tools/StructureDefinition/ig-page-name"><valueUrl value="CodeSystem-DetectedByCs.html"/></extension><nameUrl value="CodeSystem-DetectedByCs.html"/><title value="Detected By Code System"/><generation value="generated"/></page><page><extension url="http://hl7.org/fhir/tools/StructureDefinition/ig-page-name"><valueUrl value="CodeSystem-InitDiagCs.html"/></extension><nameUrl value="CodeSystem-InitDiagCs.html"/><title value="Initial Diagnosis Code System"/><generation value="generated"/></page><page><extension url="http://hl7.org/fhir/tools/StructureDefinition/ig-page-name"><valueUrl value="CodeSystem-LocTypeCs.html"/></extension><nameUrl value="CodeSystem-LocTypeCs.html"/><title value="Locality Type Code System"/><generation value="generated"/></page><page><extension url="http://hl7.org/fhir/tools/StructureDefinition/ig-page-name"><valueUrl value="CodeSystem-ProvTypeCs.html"/></extension><nameUrl value="CodeSystem-ProvTypeCs.html"/><title value="Type of Provider Code System"/><generation value="generated"/></page></page></page><parameter><code value="path-resource"/><value value="input/capabilities"/></parameter><parameter><code value="path-resource"/><value value="input/examples"/></parameter><parameter><code value="path-resource"/><value value="input/extensions"/></parameter><parameter><code value="path-resource"/><value value="input/models"/></parameter><parameter><code value="path-resource"/><value value="input/operations"/></parameter><parameter><code value="path-resource"/><value value="input/profiles"/></parameter><parameter><code value="path-resource"/><value value="input/resources"/></parameter><parameter><code value="path-resource"/><value value="input/vocabulary"/></parameter><parameter><code value="path-resource"/><value value="input/maps"/></parameter><parameter><code value="path-resource"/><value value="input/testing"/></parameter><parameter><code value="path-resource"/><value value="input/history"/></parameter><parameter><code value="path-resource"/><value value="fsh-generated/resources"/></parameter><parameter><code value="path-pages"/><value value="template/config"/></parameter><parameter><code value="path-pages"/><value value="input/images"/></parameter><parameter><code value="path-tx-cache"/><value value="input-cache/txcache"/></parameter></definition></ImplementationGuide>