{
  "resourceType" : "CodeSystem",
  "id" : "YesNoUnknownCs",
  "text" : {
    "status" : "generated",
    "div" : "<div xmlns=\"http://www.w3.org/1999/xhtml\"><p>This code system <code>http://ritikarawlani.github.io/smart-outbreak-measles/YesNoUnknown</code> defines the following codes:</p><table class=\"codes\"><tr><td style=\"white-space:nowrap\"><b>Code</b></td></tr><tr><td style=\"white-space:nowrap\">Yes<a name=\"YesNoUnknownCs-Yes\"> </a></td></tr><tr><td style=\"white-space:nowrap\">No<a name=\"YesNoUnknownCs-No\"> </a></td></tr><tr><td style=\"white-space:nowrap\">Unknown<a name=\"YesNoUnknownCs-Unknown\"> </a></td></tr></table></div>"
  },
  "url" : "http://ritikarawlani.github.io/smart-outbreak-measles/YesNoUnknown",
  "version" : "0.2.1",
  "name" : "YesNoUnknownCs",
  "title" : "Yes No Unknown",
  "status" : "draft",
  "date" : "2023-08-08T15:05:07+00:00",
  "publisher" : "WHO",
  "contact" : [{
    "name" : "WHO",
    "telecom" : [{
      "system" : "url",
      "value" : "http://who.int"
    }]
  }],
  "description" : "Yes No Unknown",
  "jurisdiction" : [{
    "coding" : [{
      "system" : "http://unstats.un.org/unsd/methods/m49/m49.htm",
      "code" : "001"
    }]
  }],
  "content" : "complete",
  "count" : 3,
  "concept" : [{
    "code" : "Yes",
    "display" : "Yes"
  },
  {
    "code" : "No",
    "display" : "No"
  },
  {
    "code" : "Unknown",
    "display" : "Unknown"
  }]
}