<?xml version="1.0" encoding="UTF-8"?>

<CodeSystem xmlns="http://hl7.org/fhir">
  <id value="ProvTypeCs"/>
  <text>
    <status value="generated"/><div xmlns="http://www.w3.org/1999/xhtml"><p>This code system <code>http://ritikarawlani.github.io/smart-outbreak-measles/ProvType</code> defines the following codes:</p><table class="codes"><tr><td style="white-space:nowrap"><b>Code</b></td><td><b>Display</b></td></tr><tr><td style="white-space:nowrap">1<a name="ProvTypeCs-1"> </a></td><td>Public</td></tr><tr><td style="white-space:nowrap">2<a name="ProvTypeCs-2"> </a></td><td>Private</td></tr><tr><td style="white-space:nowrap">88<a name="ProvTypeCs-88"> </a></td><td>Other</td></tr></table></div>
  </text>
  <url value="http://ritikarawlani.github.io/smart-outbreak-measles/ProvType"/>
  <version value="0.2.1"/>
  <name value="ProvTypeCs"/>
  <title value="Type of Provider Code System"/>
  <status value="draft"/>
  <date value="2023-08-08T15:05:07+00:00"/>
  <publisher value="WHO"/>
  <contact>
    <name value="WHO"/>
    <telecom>
      <system value="url"/>
      <value value="http://who.int"/>
    </telecom>
  </contact>
  <description value="Type of Provider Code System"/>
  <jurisdiction>
    <coding>
      <system value="http://unstats.un.org/unsd/methods/m49/m49.htm"/>
      <code value="001"/>
    </coding>
  </jurisdiction>
  <content value="complete"/>
  <count value="3"/>
  <concept>
    <code value="1"/>
    <display value="Public"/>
  </concept>
  <concept>
    <code value="2"/>
    <display value="Private"/>
  </concept>
  <concept>
    <code value="88"/>
    <display value="Other"/>
  </concept>
</CodeSystem>